t,base_z,gravity_x,gravity_y,up,side_deg,prone,stage,left_load_bw,right_load_bw,overshoot,stable,task,regu,style,target
0.03999999910593033,0.3426614999771118,-1.0000001192092896,-1.6306231032103824e-08,-1.1920928955078125e-07,9.342781481791462e-07,0,1,0.0,0.0,0.0,0,0.0025367150083184242,-3.7698412620162144e-19,0.0,0.0
0.05999999865889549,0.3326062560081482,-1.0000001192092896,-3.0857968624786736e-08,-1.1920928955078125e-07,1.7680312112133834e-06,0,1,0.0,0.0,0.0,0,0.0025367150083184242,-4.480851853860471e-19,0.0,0.0
0.07999999821186066,0.3186269998550415,-1.0000001192092896,-4.612166293327391e-08,-1.1920928955078125e-07,2.6425766463944456e-06,0,1,0.0,0.0,0.0,0,0.0025367150083184242,-2.931698696889269e-19,0.0,0.0
0.09999999403953552,0.30072376132011414,-1.0000001192092896,-5.933873836738712e-08,-1.1920928955078125e-07,3.3998592243733583e-06,0,1,0.0,0.0,0.0,0,0.0025367150083184242,-2.737226466926521e-19,0.0,0.0
0.11999999731779099,0.2788965106010437,-1.0000001192092896,-7.076932462268815e-08,-1.1920928955078125e-07,4.054783403262263e-06,0,1,0.0,0.0,0.0,0,0.0025367150083184242,-5.09502363591132e-19,0.0,0.0
0.14000000059604645,0.2531452476978302,-1.0000001192092896,-8.18126011381537e-08,-1.1920928955078125e-07,4.687516593548935e-06,0,1,0.0,0.0,0.0,0,0.0025367150083184242,-3.496748099769715e-19,0.0,0.0
0.1599999964237213,0.22346998751163483,-1.0000001192092896,-9.729734529173584e-08,-1.1920928955078125e-07,5.574727310886374e-06,0,1,0.0,0.0,0.0,0,0.0025367133785039186,-4.674000077855251e-19,0.0,0.0
0.17999999225139618,0.1898707151412964,-1.0000001192092896,-1.1694226742520186e-07,-1.1920928955078125e-07,6.700297944917111e-06,0,1,0.0,0.0,0.0,0,0.0025367133785039186,-4.870865961715575e-19,0.0,0.0
0.19999998807907104,0.15234744548797607,-1.0000001192092896,-1.4017763305673725e-07,-1.1920928955078125e-07,8.031585821299814e-06,0,1,0.0,0.0,0.0,0,0.0025367133785039186,-5.099834725149081e-19,0.0,0.0
0.2199999988079071,0.11090017110109329,-1.0000001192092896,-1.6546418635243754e-07,-1.1920928955078125e-07,9.480399057792965e-06,0,1,0.0,0.0,0.0,0,0.0025367150083184242,-4.433409426815375e-19,0.0,0.0
0.23999999463558197,0.07331454008817673,-0.9999352693557739,0.00015875374083407223,0.011388897895812988,0.009095919318497181,0,1,3.525033712387085,3.5199379920959473,0.0,0,0.00288731069304049,-2.0347274585219566e-06,0.0,0.0
0.25999999046325684,0.07202955335378647,-0.9996448159217834,0.0009263623505830765,0.026634693145751953,0.05307665839791298,0,1,0.5188987851142883,0.5148662328720093,0.0,0,0.003323040436953306,-5.8009436543216e-07,0.0,0.0
0.2800000011920929,0.07715106010437012,-0.9995801448822021,0.0015143523924052715,0.028932929039001465,0.08676603436470032,0,1,0.11867553740739822,0.11651409417390823,0.0,0,0.0033836381044238806,-1.8142767999052012e-07,0.0,0.0
0.29999998211860657,0.08071745932102203,-0.9995769262313843,0.0018838455434888601,0.029029130935668945,0.10793645679950714,0,1,0.12520475685596466,0.12409590184688568,0.0,0,0.003381101880222559,-2.1222161805667383e-08,0.0,0.0
0.3199999928474426,0.08265180140733719,-0.9995739459991455,0.0021277349442243576,0.029113709926605225,0.12191032618284225,0,1,0.16464507579803467,0.1643301397562027,0.0,0,0.003379467176273465,-1.2883625721826775e-08,0.0,0.0
0.3400000035762787,0.08362577110528946,-0.9995655417442322,0.0023024575784802437,0.02938789129257202,0.1319212168455124,0,1,0.19106855988502502,0.19023540616035461,0.0,0,0.003384183393791318,-1.1983230407963674e-08,0.0,0.0
0.35999998450279236,0.08409376442432404,-0.9995520710945129,0.002441780874505639,0.029832541942596436,0.13990387320518494,0,1,0.2038952112197876,0.2031482309103012,0.0,0,0.00339403934776783,-1.4691061700489172e-08,0.0,0.0
0.3799999952316284,0.08428709954023361,-0.9995291829109192,0.0025659529492259026,0.030579984188079834,0.1470184326171875,0,1,0.21190592646598816,0.2111092209815979,0.0,0,0.0034114180598407984,-2.4198051562507317e-08,0.0,0.0
0.3999999761581421,0.08434586226940155,-0.9994990825653076,0.002692823763936758,0.03153508901596069,0.15428762137889862,0,1,0.21578025817871094,0.21498389542102814,0.0,0,0.0034341230057179928,-2.9265031287195598e-08,0.0,0.0
0.41999998688697815,0.08434522897005081,-0.9994652271270752,0.002831985242664814,0.03257954120635986,0.1622610092163086,0,1,0.21746726334095,0.21665914356708527,0.0,0,0.0034594484604895115,-3.166505280205456e-08,0.0,0.0
0.4399999976158142,0.08431757986545563,-0.9994287490844727,0.0029857889749109745,0.03366643190383911,0.17107334733009338,0,1,0.21824172139167786,0.21740417182445526,0.0,0,0.003486223751679063,-3.295422246196722e-08,0.0,0.0
0.4599999785423279,0.0842769593000412,-0.9993903040885925,0.003153516910970211,0.03477686643600464,0.18068350851535797,0,1,0.2186039388179779,0.21774277091026306,0.0,0,0.0035139359533786774,-3.382257318662596e-08,0.0,0.0
0.47999998927116394,0.08422984182834625,-0.99934983253479,0.0033333818428218365,0.03590250015258789,0.19098906219005585,0,1,0.21877367794513702,0.2178879678249359,0.0,0,0.003542347578331828,-3.453222419125268e-08,0.0,0.0
0.5,0.08417932689189911,-0.9993076920509338,0.0035235020332038403,0.037038445472717285,0.20188221335411072,0,1,0.2188388556241989,0.21793344616889954,0.0,0,0.0035713028628379107,-3.518347568842728e-08,0.0,0.0
0.5199999809265137,0.08412695676088333,-0.9992640018463135,0.0037223943509161472,0.038182079792022705,0.21327798068523407,0,1,0.21885010600090027,0.21793249249458313,0.0,0,0.003600729862228036,-3.5814622378893546e-08,0.0,0.0
0.5399999618530273,0.08407311141490936,-0.999218225479126,0.003922441974282265,0.03934013843536377,0.2247399538755417,0,1,0.21895156800746918,0.21792751550674438,0.0,0,0.003630802035331726,-3.70811186201081e-08,0.0,0.0
0.5600000023841858,0.08401854336261749,-0.9991708993911743,0.004127891734242439,0.040504634380340576,0.2365114390850067,0,1,0.21897245943546295,0.21793879568576813,0.0,0,0.0036613070406019688,-3.819349458922261e-08,0.0,0.0
0.5799999833106995,0.08396348357200623,-0.9991218447685242,0.0043387142941355705,0.04167485237121582,0.24859078228473663,0,1,0.21895934641361237,0.21793979406356812,0.0,0,0.0036922337021678686,-3.9342051394442024e-08,0.0,0.0
0.5999999642372131,0.08390804380178452,-0.9990713000297546,0.004556217230856419,0.0428503155708313,0.2610529065132141,0,1,0.21911504864692688,0.21781426668167114,0.0,0,0.0037235761992633343,-4.053146440696764e-08,0.0,0.0
0.6200000047683716,0.08385221660137177,-0.999018669128418,0.004780321381986141,0.044032156467437744,0.273893266916275,0,1,0.21916921436786652,0.217757910490036,0.0,0,0.0037553657311946154,-4.154764710051495e-08,-0.0005999999702908099,0.0
0.6399999856948853,0.08461617678403854,-0.9994801878929138,0.010174471884965897,0.030593037605285645,0.5829643607139587,0,1,0.0,0.0,0.0036377087235450745,0,0.003279171185567975,-0.04909374564886093,-0.0016365250339731574,0.0
0.6599999666213989,0.08478029817342758,-0.9981800317764282,0.0526423454284668,0.029422283172607422,3.0175790786743164,0,1,0.0,0.0,0.1394227147102356,0,0.002931209746748209,-0.8817864656448364,-0.013142936863005161,0.0
0.6800000071525574,0.0882464200258255,-0.980178952217102,0.19629940390586853,-0.026752829551696777,11.32064151763916,0,1,0.0,0.0,0.20643329620361328,0,0.002016499638557434,-1.3813494443893433,-0.013199998997151852,0.0
0.699999988079071,0.09893915802240372,-0.895543098449707,0.41972360014915466,-0.14776647090911865,24.817136764526367,0,1,0.0,0.0,0.13783621788024902,0,0.0011742818169295788,-1.1332979202270508,-0.013199998997151852,0.0
0.7199999690055847,0.10738451033830643,-0.6931793689727783,0.6572644114494324,-0.29581379890441895,41.09157180786133,0,1,0.0,2.2539005279541016,0.1048283576965332,0,0.0004994511837139726,-1.5087089538574219,-0.013469654135406017,0.0
0.7400000095367432,0.10613713413476944,-0.3816864490509033,0.8477011919021606,-0.3683992624282837,57.96250915527344,0,1,0.0,0.0,0.21103215217590332,0,0.00021194832515902817,-1.4983298778533936,-0.014547422528266907,0.0
0.7599999904632568,0.09857910871505737,0.06124546378850937,0.9469767212867737,-0.3154118061065674,71.25830078125,0,1,0.0,0.0,0.14556396007537842,0,0.00023942987900227308,-1.0187517404556274,-0.015504734590649605,0.0
0.7799999713897705,0.08825899660587311,0.5162360668182373,0.8358625769615173,-0.18663930892944336,56.70576095581055,0,1,0.0,0.0,0.11174533516168594,0,0.00047417948371730745,-1.446110725402832,-0.015934085473418236,0.0
0.7999999523162842,0.08197297900915146,0.7407788634300232,0.670183002948761,-0.04584228992462158,42.08119201660156,1,1,0.0,0.0,0.1989874243736267,0,0.0009153340361081064,-1.635538101196289,-0.01764647290110588,0.0
0.8199999928474426,0.07762521505355835,0.912509560585022,0.4013528823852539,0.07900756597518921,23.66278076171875,1,1,0.0,0.0,0.1526941955089569,0,0.0017101253615692258,-1.328450322151184,0.019407842308282852,0.0
0.8399999737739563,0.07715955376625061,0.9378464221954346,0.24518683552742004,0.24561697244644165,14.192874908447266,1,1,0.0,0.0,0.1714543104171753,0,0.004324142821133137,-2.078592300415039,0.17126813530921936,0.0
0.85999995470047,0.07423584163188934,0.8428654074668884,0.26054248213768005,0.4708455204963684,15.102252960205078,1,1,0.0,0.0,0.16033655405044556,0,0.013274669647216797,-2.3233120441436768,0.24554303288459778,0.0
0.8799999952316284,0.07136499136686325,0.6351635456085205,0.265916645526886,0.7251590490341187,15.421426773071289,0,1,0.0,0.0,0.12394607067108154,0,0.04091433435678482,-2.2151949405670166,0.2924235165119171,0.0
0.8999999761581421,0.07832624763250351,0.3808663487434387,0.24897083640098572,0.8904798626899719,14.416620254516602,0,1,0.0,0.0,0.15544414520263672,0,0.08580143004655838,-2.3439645767211914,0.213966503739357,0.0
0.9199999570846558,0.0903070718050003,0.15979701280593872,0.2074723243713379,0.9651011228561401,11.974264144897461,0,1,0.0,0.0,0.11840212345123291,0,0.15587526559829712,-1.7848012447357178,0.11850788444280624,0.0
0.9399999976158142,0.10412760823965073,-0.007847201079130173,0.04506034031510353,0.9989534616470337,2.5826416015625,0,1,0.0,0.0,0.04087698459625244,0,0.27301087975502014,-1.2047234773635864,0.08293955773115158,0.0
0.9599999785423279,0.11989262700080872,-0.05385873466730118,-0.12094669789075851,0.9911968111991882,6.946742057800293,0,1,0.0,0.0,0.02540600299835205,0,0.4490557312965393,-0.6263460516929626,0.03911701589822769,0.0
0.9799999594688416,0.14591214060783386,-0.07035533338785172,-0.08617831766605377,0.9937924742698669,4.943786144256592,0,1,0.0,0.0,0.18181824684143066,0,0.6344172358512878,-1.134389877319336,0.08791659027338028,0.0
1.0,0.17358849942684174,-0.06028037890791893,-0.0013114921748638153,0.998180627822876,0.07514297962188721,0,1,1.0200400352478027,0.0,0.18075913190841675,0,0.7356384992599487,-1.8340760469436646,0.13035184144973755,0.0
1.0199999809265137,0.1973506361246109,-0.011632590554654598,0.013805445283651352,0.9998370409011841,0.7910188436508179,0,1,1.043738842010498,0.0,0.18705707788467407,0,0.7954440712928772,-2.1106979846954346,0.11931046843528748,0.0
1.0399999618530273,0.21937157213687897,0.018851831555366516,0.020820321515202522,0.9996054768562317,1.193002700805664,0,1,0.0,3.2171804904937744,0.12835359573364258,0,0.855609655380249,-1.8009370565414429,0.11553826183080673,0.0
1.059999942779541,0.24358351528644562,0.0023666387423872948,0.04756901413202286,0.9988651275634766,2.7265326976776123,0,1,0.4046173691749573,2.5000860691070557,0.07738253474235535,0,0.9111822843551636,-1.304810643196106,0.17531782388687134,0.0
1.0799999237060547,0.2675707936286926,0.0013830289244651794,0.06149889528751373,0.9981061816215515,3.5258519649505615,0,1,0.2967411279678345,0.0,0.05018860101699829,0,0.9527168869972229,-1.135983943939209,0.06438533216714859,0.0
1.100000023841858,0.2893297076225281,0.025515474379062653,0.06734438985586166,0.9974035024642944,3.861471652984619,0,1,0.24062329530715942,0.0,0.03711193799972534,0,0.9794896245002747,-1.0802544355392456,0.0470939539372921,0.0
1.1200000047683716,0.31037819385528564,0.035006552934646606,0.06207719445228577,0.9974572658538818,3.559049367904663,0,1,0.0,0.0,0.03247511386871338,0,0.9944748282432556,-0.9460825324058533,0.03283359482884407,0.0
1.1399999856948853,0.33268818259239197,0.005530688911676407,0.043342359364032745,0.9990449547767639,2.48411226272583,0,2,0.0,0.6971369981765747,0.03054913878440857,0,0.999947726726532,-0.8930131196975708,0.05798163637518883,0.0
1.159999966621399,0.35240647196769714,-0.0347939170897007,0.01738811656832695,0.9992432594299316,0.9963157773017883,0,2,0.0,0.0,0.04603588581085205,0,1.0,-0.8529778122901917,-0.002984842984005809,0.0
1.1799999475479126,0.36674800515174866,-0.0768449455499649,-0.0270547978579998,0.9966759085655212,1.5503149032592773,0,2,0.0,0.0,0.04118824005126953,0,1.0,-0.9320514798164368,-0.0061171697452664375,0.0
1.1999999284744263,0.3775970935821533,-0.09067387133836746,-0.027245409786701202,0.9955078959465027,1.5612400770187378,0,2,0.0,0.0,0.07721599191427231,0,1.0,-1.5539517402648926,-0.010398282669484615,0.0
1.2200000286102295,0.3839174509048462,-0.09430644661188126,-0.013989346101880074,0.9954448938369751,0.8015565872192383,0,2,0.0,0.0,0.055443353950977325,0,1.0,-1.4845954179763794,-0.00800410658121109,0.0
1.2400000095367432,0.385769248008728,-0.09171942621469498,-0.009051330387592316,0.9957437515258789,0.5186101198196411,0,2,0.0,0.0,0.03497637063264847,0,1.0,-0.8864578008651733,-0.005758276674896479,0.0
1.2599999904632568,0.3820400834083557,-0.09589208662509918,-0.00628998689353466,0.9953718781471252,0.3603920638561249,0,2,0.0,0.0,0.025859415531158447,0,1.0,-0.861024796962738,-0.004520253278315067,0.0
1.2799999713897705,0.3731926679611206,-0.10311426222324371,0.003574611619114876,0.9946631193161011,0.20481058955192566,0,2,0.0,0.0,0.025489449501037598,0,1.0,-0.8449971079826355,-0.004458733834326267,0.0
1.2999999523162842,0.36028847098350525,-0.10128585994243622,0.017322542145848274,0.9947065114974976,0.9925581216812134,0,2,0.0,0.0,0.025367438793182373,0,1.0,-0.8336586952209473,-0.004544092807918787,0.0
1.3199999332427979,0.3455151319503784,-0.10342149436473846,0.026356523856520653,0.9942883253097534,1.510292410850525,0,2,1.810463786125183,0.0,0.027187496423721313,0,0.9998155236244202,-0.8375502228736877,0.07502076774835587,0.0
1.3399999141693115,0.3400879502296448,-0.10662757605314255,0.02365122362971306,0.9940177202224731,1.3552415370941162,0,2,2.6134567260742188,0.0,0.030967354774475098,0,0.9992106556892395,-0.8337052464485168,-0.0032736961729824543,0.0
1.3600000143051147,0.34305015206336975,-0.0754581019282341,0.017032574862241745,0.9970034956932068,0.9759417772293091,0,2,1.0423985719680786,0.0,0.029336154460906982,0,0.9995564818382263,-0.8411815166473389,-0.0002694888389669359,0.0
1.3799999952316284,0.34551361203193665,-0.06056103855371475,0.010816145688295364,0.9981058835983276,0.6197315454483032,0,2,0.7261407971382141,0.0,0.028102785348892212,0,0.9998864531517029,-0.838308572769165,-0.003475137986242771,0.0
1.399999976158142,0.3466612994670868,-0.04130811616778374,0.00260088499635458,0.9991430640220642,0.14901989698410034,0,2,0.8928819894790649,0.0,0.027348697185516357,0,0.9999154210090637,-0.8373650312423706,-0.001821573474444449,0.0
1.4199999570846558,0.3467614948749542,-0.03258321434259415,-0.006916400045156479,0.9994450807571411,0.39628365635871887,0,2,0.8237069249153137,0.0,0.02685469388961792,0,0.999858021736145,-0.8349878787994385,-0.003563272301107645,0.0
1.4399999380111694,0.34643879532814026,-0.006760927848517895,-0.018199477344751358,0.9998115301132202,1.0428106784820557,0,2,0.8026297688484192,0.0,0.02685365080833435,0,0.9999451637268066,-0.8309659361839294,-0.005019272677600384,0.0
1.459999918937683,0.34568893909454346,0.025278283283114433,-0.03124629333615303,0.9991919994354248,1.790571928024292,0,2,0.8651977181434631,0.0,0.027237653732299805,0,1.0,-0.8303883075714111,-0.005568518303334713,0.0
1.4800000190734863,0.3450724184513092,0.04303179681301117,-0.04171079397201538,0.9982026219367981,2.3905458450317383,0,2,0.5132369995117188,0.7020662426948547,0.026726603507995605,0,1.0,-0.8303267955780029,0.22549420595169067,1.3102436469125678e-06
1.5,0.3442744314670563,0.050704311579465866,-0.045648280531167984,0.9976699352264404,2.616363048553467,0,2,0.709811806678772,0.49407804012298584,0.025981813669204712,0,0.9999985098838806,-0.8272067904472351,-0.005617818329483271,1.1768981494242325e-05
1.5199999809265137,0.34404969215393066,0.06118839234113693,-0.04786514863371849,0.9969778656959534,2.7435190677642822,0,2,0.6565741896629333,0.42091888189315796,0.02603846788406372,0,0.9999877214431763,-0.8248577117919922,-0.005724615883082151,1.7139644114649855e-05
1.5399999618530273,0.3443502187728882,0.07797008752822876,-0.04943700134754181,0.9957292079925537,2.833686590194702,0,2,0.8128951191902161,0.17996682226657867,0.0265505313873291,0,0.9999887943267822,-0.8273394703865051,-0.005786063615232706,4.725626695289975e-06
1.559999942779541,0.34463173151016235,0.08325225859880447,-0.05024098977446556,0.9952612519264221,2.8798089027404785,0,2,0.7947623133659363,0.10890037566423416,0.026688456535339355,0,0.9999926090240479,-0.8307592272758484,-0.005802614614367485,8.209162842831574e-06
1.5799999237060547,0.3442767262458801,0.08345009386539459,-0.05163006857037544,0.9951735734939575,2.959500789642334,0,2,0.8094207048416138,0.2501552999019623,0.026834815740585327,0,0.9999841451644897,-0.8307210206985474,-0.005820177495479584,2.039580067503266e-05
1.5999999046325684,0.3442331552505493,0.09018784016370773,-0.0541362464427948,0.9944522976875305,3.10329532623291,0,2,0.7940133810043335,0.23705437779426575,0.027486652135849,0,0.9999789595603943,-0.8309165835380554,-0.005898397881537676,1.2624906048586126e-05
1.6200000047683716,0.34470197558403015,0.10096748173236847,-0.056564029306173325,0.9932804703712463,3.2426109313964844,0,2,0.98582923412323,0.0,0.02794554829597473,0,0.9999857544898987,-0.8339975476264954,-0.005953465588390827,0.0
1.6399999856948853,0.34466034173965454,0.10391966253519058,-0.059607528150081635,0.9927979111671448,3.417285680770874,0,2,0.7430220246315002,0.2938257157802582,0.027970343828201294,0,0.9999845623970032,-0.8359493017196655,-0.005956441164016724,9.935869456967339e-06
1.659999966621399,0.34412693977355957,0.10285665094852448,-0.061132751405239105,0.9928158521652222,3.504833936691284,0,2,0.7708314061164856,0.37008407711982727,0.027676939964294434,0,0.9999678134918213,-0.8328733444213867,-0.0059212325140833855,1.4853399079584051e-05
1.6799999475479126,0.34428513050079346,0.10679668188095093,-0.0632457435131073,0.9922673106193542,3.6261346340179443,0,2,0.8219731450080872,0.22049441933631897,0.028116703033447266,0,0.9999676942825317,-0.8318634033203125,-0.005974004045128822,9.723730727273505e-06
1.6999999284744263,0.3446487784385681,0.1128452718257904,-0.06599283218383789,0.9914186000823975,3.783860683441162,0,2,0.9408851861953735,0.0,0.028329402208328247,0,0.999972403049469,-0.8342946767807007,-0.005999527871608734,0.0
1.71999990940094,0.34458601474761963,0.11314299702644348,-0.06903145462274551,0.9911777377128601,3.9583592414855957,0,2,0.7665374875068665,0.29221057891845703,0.027839452028274536,0,0.9999801516532898,-0.8342936038970947,-0.005940733943134546,1.2123650776629802e-05
1.7400000095367432,0.34460073709487915,0.11188079416751862,-0.07111294567584991,0.9911738634109497,4.077913761138916,0,2,0.6841004490852356,0.34423407912254333,0.02746310830116272,0,0.9999788999557495,-0.8312365412712097,-0.00589557271450758,1.3897952158004045e-05
1.7599999904632568,0.3446960151195526,0.11482370644807816,-0.07393045723438263,0.9906309843063354,4.239771366119385,0,2,0.8078963756561279,0.18895259499549866,0.02778986096382141,0,0.9999755620956421,-0.8307428956031799,-0.005934783257544041,8.549182894057594e-06
1.7799999713897705,0.3448110818862915,0.11905554682016373,-0.07649638503789902,0.9899364113807678,4.387205600738525,0,2,0.8433369994163513,0.1359632909297943,0.02743089199066162,0,0.9999743700027466,-0.8316035866737366,-0.005891706794500351,6.5227909544773865e-06
1.7999999523162842,0.34486451745033264,0.11900997906923294,-0.07813884317874908,0.9898135662078857,4.481594085693359,0,2,0.735629677772522,0.2607917785644531,0.026540756225585938,0,0.9999757409095764,-0.830123245716095,-0.005784890614449978,1.6847210645209998e-05
1.8199999332427979,0.34483909606933594,0.11801046878099442,-0.080433189868927,0.9897494912147522,4.613465785980225,0,2,0.7306300401687622,0.26902350783348083,0.026420265436172485,0,0.9999731183052063,-0.8282145261764526,-0.005770431831479073,1.7328095054836012e-05
1.8399999141693115,0.34476786851882935,0.12043971568346024,-0.08361318707466125,0.9891931414604187,4.7962822914123535,0,2,0.7847214937210083,0.20688779652118683,0.02660617232322693,0,0.9999648332595825,-0.8281098008155823,-0.0057927402667701244,1.2499721378844697e-05
1.8600000143051147,0.3447296917438507,0.12388447672128677,-0.08599665015935898,0.9885631799697876,4.933338642120361,0,2,0.7629067301750183,0.2322409749031067,0.02613365650177002,0,0.9999563097953796,-0.8279792070388794,-0.00573603855445981,1.601147414476145e-05
1.8799999952316284,0.34469711780548096,0.12480929493904114,-0.0874982476234436,0.9883151054382324,5.0196990966796875,0,2,0.709274411201477,0.2929275333881378,0.0255051851272583,0,0.9999520778656006,-0.8265206813812256,-0.005660621915012598,2.191102976212278e-05
1.899999976158142,0.3446163833141327,0.12470213323831558,-0.0893956795334816,0.9881587624549866,5.128841876983643,0,2,0.7208762764930725,0.2807184159755707,0.0254572331905365,0,0.9999454021453857,-0.8254563212394714,-0.005654867738485336,2.235563806607388e-05
1.9199999570846558,0.3445013761520386,0.12618209421634674,-0.09166715294122696,0.9877627491950989,5.259524345397949,0,2,0.7485618591308594,0.24545836448669434,0.025543630123138428,0,0.9999317526817322,-0.8255296349525452,-0.005665235221385956,2.0852503439527936e-05
1.9399999380111694,0.3444165289402008,0.12837448716163635,-0.09321698546409607,0.9873350858688354,5.348705291748047,0,2,0.7253872156143188,0.27385756373405457,0.02526944875717163,0,0.9999189376831055,-0.8252947926521301,-0.00563233345746994,2.296858474437613e-05
1.959999918937683,0.34435737133026123,0.12889687716960907,-0.09411734342575073,0.9871816039085388,5.400519847869873,0,2,0.705108106136322,0.3006379008293152,0.02502933144569397,0,0.9999129176139832,-0.8245155215263367,-0.005603519733995199,2.5421624741284177e-05
1.9799998998641968,0.3442773222923279,0.12857064604759216,-0.09521813690662384,0.9871186017990112,5.463874816894531,0,2,0.7236388325691223,0.2776458263397217,0.025136083364486694,0,0.9999064803123474,-0.824317991733551,-0.005616329610347748,2.4979099180200137e-05
2.0,0.34417611360549927,0.12902581691741943,-0.0964093804359436,0.9869435429573059,5.532444000244141,0,2,0.7348193526268005,0.26063621044158936,0.025237351655960083,0,0.9998956918716431,-0.8245996236801147,-0.005628481972962618,2.432259134366177e-05
2.0199999809265137,0.34409427642822266,0.13018013536930084,-0.09712758660316467,0.9867215156555176,5.573788166046143,0,2,0.7186670303344727,0.2817430794239044,0.02514532208442688,0,0.9998852014541626,-0.8245275020599365,-0.0056174383498728275,2.489273902028799e-05
2.0399999618530273,0.3440481126308441,0.13024941086769104,-0.09739693999290466,0.9866858124732971,5.589293956756592,0,2,0.711076557636261,0.2972204387187958,0.025127679109573364,0,0.9998818635940552,-0.8243386745452881,-0.0056153214536607265,2.5409804948139936e-05
2.059999942779541,0.3439981937408447,0.1301717609167099,-0.09772097319364548,0.9866640567779541,5.6079487800598145,0,2,0.7293055057525635,0.269477516412735,0.025260716676712036,0,0.9998778700828552,-0.8245259523391724,-0.005631285719573498,2.4693055820534937e-05
2.0799999237060547,0.34393608570098877,0.1298816204071045,-0.0979839488863945,0.9866762161254883,5.62308931350708,0,2,0.7323725819587708,0.26655831933021545,0.02534615993499756,0,0.9998739957809448,-0.8248633146286011,-0.005641539115458727,2.421827957732603e-05
2.0999999046325684,0.3438921868801117,0.13046607375144958,-0.098037950694561,0.9865937232971191,5.6261982917785645,0,2,0.7246397733688354,0.27687087655067444,0.02537715435028076,0,0.9998689293861389,-0.8249996900558472,-0.005645258352160454,2.395206320215948e-05
2.119999885559082,0.3438735008239746,0.1305030733346939,-0.09781040251255035,0.9866114258766174,5.613097190856934,0,2,0.7246716618537903,0.27994874119758606,0.025439679622650146,0,0.9998685121536255,-0.8250771164894104,-0.005652761552482843,2.3616812541149557e-05
2.1399998664855957,0.34385964274406433,0.130528062582016,-0.09758015722036362,0.986630916595459,5.599842548370361,0,2,0.7343220710754395,0.26616376638412476,0.025559544563293457,0,0.9998681545257568,-0.8253719806671143,-0.005667144898325205,2.2918411559658125e-05
2.1599998474121094,0.34384921193122864,0.13012424111366272,-0.0972658321261406,0.9867152571678162,5.5817461013793945,0,2,0.7353312969207764,0.2662658095359802,0.025666415691375732,0,0.999869704246521,-0.8257067799568176,-0.005679969675838947,2.2272870410233736e-05
2.180000066757202,0.34384164214134216,0.13004565238952637,-0.09689386188983917,0.9867622256278992,5.560332775115967,0,2,0.7365157604217529,0.2625390291213989,0.025751978158950806,0,0.9998704195022583,-0.8259178996086121,-0.005690237041562796,2.1780320821562782e-05
2.200000047683716,0.343843549489975,0.12985190749168396,-0.09647539258003235,0.9868287444114685,5.536243915557861,0,2,0.7386534214019775,0.2642533779144287,0.025867968797683716,0,0.9998723268508911,-0.8261530995368958,-0.005704156123101711,2.1119913071743213e-05
2.2200000286102295,0.3438560962677002,0.12941552698612213,-0.0960167646408081,0.986930787563324,5.509843349456787,0,2,0.7431210279464722,0.25816550850868225,0.025987088680267334,0,0.9998757839202881,-0.8264560103416443,-0.005718450527638197,2.045833934971597e-05
2.240000009536743,0.34386196732521057,0.1291564702987671,-0.09559108316898346,0.9870060682296753,5.4853410720825195,0,2,0.7476454973220825,0.24999640882015228,0.026061832904815674,0,0.9998779296875,-0.8267058730125427,-0.005727419629693031,2.0074639905942604e-05
2.259999990463257,0.34386715292930603,0.1287974715232849,-0.09514257311820984,0.9870963096618652,5.459526062011719,0,2,0.7448628544807434,0.25595900416374207,0.0261077880859375,0,0.9998804330825806,-0.8268440961837769,-0.005732934456318617,1.9787898054346442e-05
2.2799999713897705,0.34387442469596863,0.12870696187019348,-0.09475395083427429,0.9871454834938049,5.437158107757568,0,2,0.7489007115364075,0.251095175743103,0.02616819739341736,0,0.9998820424079895,-0.8270159959793091,-0.0057401834055781364,1.9464147044345737e-05
2.299999952316284,0.3438856303691864,0.12865208089351654,-0.0943484976887703,0.9871914982795715,5.413822650909424,0,2,0.7496435642242432,0.250483900308609,0.026198476552963257,0,0.9998838901519775,-0.8271557092666626,-0.005743816960602999,1.924598473124206e-05
2.319999933242798,0.34389594197273254,0.12866297364234924,-0.0939578115940094,0.9872273206710815,5.391338348388672,0,2,0.7497375011444092,0.2497396618127823,0.026208549737930298,0,0.9998854398727417,-0.8272345662117004,-0.00574502581730485,1.9105191313428804e-05
2.3399999141693115,0.34390878677368164,0.1285858005285263,-0.09360035508871078,0.9872713088989258,5.370767116546631,0,2,0.7489121556282043,0.2524500787258148,0.026242226362228394,0,0.9998871684074402,-0.8273048400878906,-0.005749066825956106,1.8898173948400654e-05
2.359999895095825,0.34392231702804565,0.12837834656238556,-0.09327257424592972,0.987329363822937,5.351903915405273,0,2,0.751436173915863,0.24842071533203125,0.026282787322998047,0,0.9998893141746521,-0.8273888826370239,-0.005753934383392334,1.8540358723839745e-05
2.379999876022339,0.343929260969162,0.12837448716163635,-0.0930250883102417,0.9873532056808472,5.337662696838379,0,2,0.7543589472770691,0.2440503090620041,0.026311218738555908,0,0.9998900890350342,-0.8274617791175842,-0.0057573458179831505,1.804547537176404e-05
2.3999998569488525,0.34393858909606934,0.12789490818977356,-0.0927618145942688,0.9874401688575745,5.322512626647949,0,2,0.7520008087158203,0.24972274899482727,0.026328295469284058,0,0.99989253282547,-0.8275105357170105,-0.005759395193308592,1.8320379240321927e-05
2.419999837875366,0.3439408242702484,0.12802764773368835,-0.09262411296367645,0.9874359369277954,5.3145880699157715,0,2,0.7561235427856445,0.2407512217760086,0.026341885328292847,0,0.9998922944068909,-0.8275284171104431,-0.0057610259391367435,1.7580852727405727e-05
2.440000057220459,0.3439408540725708,0.12783591449260712,-0.09247113764286041,0.9874750971794128,5.3057861328125,0,2,0.7525938153266907,0.24837253987789154,0.02632695436477661,0,0.999893069267273,-0.8274965286254883,-0.005759234074503183,1.8166019799537025e-05
2.4600000381469727,0.34394150972366333,0.12801572680473328,-0.09238430857658386,0.9874599575996399,5.3007893562316895,0,2,0.7532524466514587,0.24603287875652313,0.02631404995918274,0,0.9998925924301147,-0.8274832963943481,-0.005757685750722885,1.7990085325436667e-05
2.4800000190734863,0.3439399302005768,0.12797415256500244,-0.09227605164051056,0.9874754548072815,5.294560432434082,0,2,0.752567708492279,0.2471000701189041,0.026278048753738403,0,0.9998927116394043,-0.8274224400520325,-0.005753365810960531,1.8180968254455365e-05
2.5,0.3439323306083679,0.128195121884346,-0.09223541617393494,0.9874505996704102,5.292222023010254,0,2,0.7527413368225098,0.24594804644584656,0.026247531175613403,0,0.9998915195465088,-0.8273472785949707,-0.005749703384935856,1.816863914427813e-05
2.5199999809265137,0.3439295291900635,0.1281193494796753,-0.092196986079216,0.9874640107154846,5.290010929107666,0,2,0.7508316040039062,0.25155213475227356,0.026245594024658203,0,0.9998915195465088,-0.8273263573646545,-0.005749471019953489,1.8439381165080704e-05
2.5399999618530273,0.34392762184143066,0.12832924723625183,-0.0921771228313446,0.9874386191368103,5.288867950439453,0,2,0.7519854307174683,0.24627365171909332,0.026237159967422485,0,0.9998906254768372,-0.8272736072540283,-0.00574845913797617,1.8138129235012457e-05
2.559999942779541,0.34391888976097107,0.12825340032577515,-0.0921572744846344,0.9874503016471863,5.287725925445557,0,2,0.7520262002944946,0.24773579835891724,0.026213467121124268,0,0.999890148639679,-0.8272154331207275,-0.0057456158101558685,1.8324131815461442e-05
2.5799999237060547,0.34391170740127563,0.1283378005027771,-0.09218328446149826,0.9874368906021118,5.289222240447998,0,2,0.7505882978439331,0.24997882544994354,0.026216477155685425,0,0.9998891949653625,-0.8271752595901489,-0.005745977163314819,1.8436816390021704e-05
2.5999999046325684,0.34390372037887573,0.12820081412792206,-0.09221435338258743,0.9874517917633057,5.29101037979126,0,2,0.7514222860336304,0.24849706888198853,0.02622908353805542,0,0.9998887777328491,-0.8271470069885254,-0.005747489631175995,1.8249160348204896e-05
2.619999885559082,0.34389421343803406,0.12822623550891876,-0.09226427972316742,0.9874438643455505,5.293883323669434,0,2,0.7509726285934448,0.24839721620082855,0.026230543851852417,0,0.9998877048492432,-0.8271141052246094,-0.00574766518548131,1.82038656930672e-05
2.6399998664855957,0.3438827693462372,0.12796850502490997,-0.09228932857513428,0.9874749183654785,5.295323848724365,0,2,0.7512237429618835,0.24885287880897522,0.026216864585876465,0,0.9998874664306641,-0.8270799517631531,-0.00574602372944355,1.827756750572007e-05
2.6599998474121094,0.343862920999527,0.12800796329975128,-0.09236729145050049,0.9874625205993652,5.29980993270874,0,2,0.7531918883323669,0.24444317817687988,0.026187241077423096,0,0.999885618686676,-0.827030599117279,-0.005742468871176243,1.8059034118778072e-05
2.679999828338623,0.3438431918621063,0.12814123928546906,-0.09244585782289505,0.987437903881073,5.304331302642822,0,2,0.7499755620956421,0.2508088946342468,0.02615809440612793,0,0.9998835921287537,-0.8269626498222351,-0.005738971289247274,1.8577027731225826e-05
2.700000047683716,0.34383130073547363,0.1283150017261505,-0.09247484058141708,0.9874126315116882,5.305999279022217,0,2,0.7480670213699341,0.2527933418750763,0.026128530502319336,0,0.9998822212219238,-0.826901376247406,-0.005735423415899277,1.8665703464648686e-05
2.7200000286102295,0.3438190221786499,0.12877419590950012,-0.0924922525882721,0.9873511791229248,5.307001113891602,0,2,0.7487218379974365,0.25016576051712036,0.026094794273376465,0,0.9998798370361328,-0.8268209099769592,-0.005731374956667423,1.872982466011308e-05
2.740000009536743,0.3438076972961426,0.1286555379629135,-0.09245067834854126,0.9873705506324768,5.3046088218688965,0,2,0.7466406226158142,0.2552138566970825,0.026078402996063232,0,0.9998795390129089,-0.82676762342453,-0.005729408003389835,1.879852788988501e-05
2.759999990463257,0.3437974154949188,0.12870195508003235,-0.0924711674451828,0.9873625636100769,5.305788040161133,0,2,0.7496357560157776,0.2504262924194336,0.026111513376235962,0,0.9998783469200134,-0.8268042206764221,-0.005733381491154432,1.862416866060812e-05
2.7799999713897705,0.3437877595424652,0.1284143328666687,-0.0924326479434967,0.9874036312103271,5.3035712242126465,0,2,0.7500947713851929,0.24988003075122833,0.026125282049179077,0,0.9998785257339478,-0.8268173336982727,-0.0057350336574018,1.8534770788392052e-05
2.799999952316284,0.34377214312553406,0.12856809794902802,-0.09244716167449951,0.9873822927474976,5.30440616607666,0,2,0.7523781657218933,0.2456379532814026,0.026124298572540283,0,0.9998767971992493,-0.8268206715583801,-0.005734915379434824,1.819240969780367e-05
2.819999933242798,0.34376269578933716,0.12851989269256592,-0.09242282807826996,0.9873908162117004,5.303006172180176,0,2,0.7485030293464661,0.25387638807296753,0.026133418083190918,0,0.9998762607574463,-0.8268123269081116,-0.0057360101491212845,1.8460303181200288e-05
2.8399999141693115,0.34375548362731934,0.12852859497070312,-0.09239086508750916,0.9873926639556885,5.301166534423828,0,2,0.749701201915741,0.24957986176013947,0.02614179253578186,0,0.9998756647109985,-0.8268130421638489,-0.005737015046179295,1.8359949535806663e-05
2.859999895095825,0.3437444567680359,0.12867550551891327,-0.0923660546541214,0.9873758554458618,5.299738883972168,0,2,0.750347375869751,0.2489864081144333,0.026138752698898315,0,0.9998743534088135,-0.82680743932724,-0.005736649967730045,1.828712811402511e-05
2.879999876022339,0.34373635053634644,0.1284741759300232,-0.09230297803878784,0.9874079823493958,5.296109676361084,0,2,0.748654305934906,0.25283944606781006,0.026148587465286255,0,0.9998744130134583,-0.8268032073974609,-0.0057378304190933704,1.8298156646778807e-05
2.8999998569488525,0.3437280058860779,0.12835128605365753,-0.0922955721616745,0.9874246716499329,5.29568338394165,0,2,0.7519557476043701,0.24783575534820557,0.026189297437667847,0,0.9998739361763,-0.8268634676933289,-0.005742715671658516,1.7952737835003063e-05
2.919999837875366,0.3437206745147705,0.12811829149723053,-0.09224977344274521,0.9874591827392578,5.293047904968262,0,2,0.7510908842086792,0.24876980483531952,0.02620518207550049,0,0.9998740553855896,-0.8268769383430481,-0.0057446216233074665,1.793558112694882e-05
2.93999981880188,0.343706876039505,0.12812580168247223,-0.09224368631839752,0.9874588251113892,5.292698383331299,0,2,0.7529711723327637,0.24531368911266327,0.026204556226730347,0,0.9998728036880493,-0.8268733024597168,-0.00574454665184021,1.7672040485194884e-05
2.9600000381469727,0.3436972200870514,0.12801915407180786,-0.09221866726875305,0.9874749779701233,5.291257858276367,0,2,0.7497963905334473,0.25203827023506165,0.02621138095855713,0,0.9998723864555359,-0.82686847448349,-0.005745365284383297,1.7963740901905112e-05
2.9800000190734863,0.34368783235549927,0.12788847088813782,-0.09217646718025208,0.9874958395957947,5.288830280303955,0,2,0.7514323592185974,0.24757979810237885,0.026205748319625854,0,0.9998720288276672,-0.8268629312515259,-0.0057446896098554134,1.7796139218262397e-05
3.0,0.34367144107818604,0.12801165878772736,-0.09214967489242554,0.9874823689460754,5.287288665771484,0,2,0.7528713941574097,0.24544015526771545,0.02617087960243225,0,0.9998704195022583,-0.8268404006958008,-0.005740505177527666,1.7754324289853685e-05
3.0199999809265137,0.343657910823822,0.12806984782218933,-0.09208736568689346,0.987480640411377,5.283702850341797,0,2,0.750032901763916,0.2511586546897888,0.02613714337348938,0,0.9998694658279419,-0.826796293258667,-0.0057364571839571,1.8208424080512486e-05
3.0399999618530273,0.3436484634876251,0.12841185927391052,-0.09205177426338196,0.9874395728111267,5.281655311584473,0,2,0.7505544424057007,0.24963802099227905,0.02613586187362671,0,0.9998677968978882,-0.8267815709114075,-0.005736303050071001,1.8129034287994727e-05
3.059999942779541,0.3436477780342102,0.1284131109714508,-0.09192650020122528,0.9874510765075684,5.274446487426758,0,2,0.7480894923210144,0.25386154651641846,0.02613353729248047,0,0.9998679757118225,-0.8267702460289001,-0.005736024118959904,1.81317900569411e-05
3.0799999237060547,0.34364256262779236,0.12862995266914368,-0.09182947874069214,0.9874318838119507,5.268864631652832,0,2,0.7519775032997131,0.24606384336948395,0.02613314986228943,0,0.9998671412467957,-0.8267711997032166,-0.005735977552831173,1.779423291736748e-05
3.0999999046325684,0.3436363935470581,0.12830737233161926,-0.09171070158481598,0.987484872341156,5.262029647827148,0,2,0.7512003779411316,0.2506335377693176,0.026148706674575806,0,0.999867856502533,-0.826803982257843,-0.00573784438893199,1.799379060685169e-05
3.119999885559082,0.34363165497779846,0.12829983234405518,-0.09165647625923157,0.9874908924102783,5.258909702301025,0,2,0.7536342740058899,0.24570435285568237,0.02618977427482605,0,0.9998674392700195,-0.8268677592277527,-0.0057427724823355675,1.7503512935945764e-05
3.1399998664855957,0.34362778067588806,0.12820792198181152,-0.09157309681177139,0.9875105619430542,5.254112720489502,0,2,0.7533920407295227,0.2466495931148529,0.026206791400909424,0,0.9998675584793091,-0.8268960118293762,-0.005744814872741699,1.7476620996603742e-05
3.1599998474121094,0.34362491965293884,0.12823618948459625,-0.09148439764976501,0.9875150918960571,5.249009132385254,0,2,0.7529296278953552,0.24684211611747742,0.026204466819763184,0,0.9998673796653748,-0.8269050717353821,-0.005744535941630602,1.7465876226196997e-05
3.179999828338623,0.34361961483955383,0.12825770676136017,-0.091415174305439,0.9875187277793884,5.245026588439941,0,2,0.7536771893501282,0.24608001112937927,0.02620437741279602,0,0.9998669624328613,-0.8269113898277283,-0.005744525231420994,1.7383921658620238e-05
3.1999998092651367,0.34361451864242554,0.1281498819589615,-0.09134325385093689,0.9875393509864807,5.2408881187438965,0,2,0.7527420520782471,0.24767321348190308,0.026206284761428833,0,0.9998669624328613,-0.826916515827179,-0.005744753871113062,1.7464932170696557e-05
3.2200000286102295,0.3436102271080017,0.1282605230808258,-0.09130509197711945,0.9875285625457764,5.238692283630371,0,2,0.7540339231491089,0.2457582652568817,0.026217550039291382,0,0.999866247177124,-0.8269412517547607,-0.005746105685830116,1.7247593859792687e-05
3.240000009536743,0.3436090052127838,0.12820981442928314,-0.09122838824987411,0.9875422120094299,5.234279155731201,0,2,0.7527285814285278,0.24780410528182983,0.026220500469207764,0,0.9998664259910583,-0.8269309401512146,-0.0057464600540697575,1.7351914721075445e-05
3.259999990463257,0.34360575675964355,0.12818466126918793,-0.09119080752134323,0.9875489473342896,5.232117176055908,0,2,0.7541600465774536,0.24554359912872314,0.026236385107040405,0,0.9998661875724792,-0.8269436955451965,-0.005748366005718708,1.7105096048908308e-05
3.2799999713897705,0.34360334277153015,0.12801964581012726,-0.09115470945835114,0.9875736832618713,5.230040073394775,0,2,0.7533476948738098,0.24725817143917084,0.02625751495361328,0,0.9998663663864136,-0.8269551396369934,-0.005750901531428099,1.711846016405616e-05
3.299999952316284,0.3435969650745392,0.1277933567762375,-0.09112883359193802,0.9876053929328918,5.228551387786865,0,2,0.7552499771118164,0.2435825914144516,0.02626115083694458,0,0.9998664259910583,-0.8269652724266052,-0.005751337856054306,1.684126618783921e-05
3.319999933242798,0.343585729598999,0.127841979265213,-0.09113916754722595,0.9875981211662292,5.2291460037231445,0,2,0.75580233335495,0.24308322370052338,0.026246607303619385,0,0.9998652935028076,-0.8269546627998352,-0.005749592557549477,1.6846532162162475e-05
3.3399999141693115,0.34357672929763794,0.12787923216819763,-0.09113344550132751,0.9875938296318054,5.228816986083984,0,2,0.7531362771987915,0.24753189086914062,0.02623075246810913,0,0.9998644590377808,-0.8269068598747253,-0.005747689865529537,1.720368345559109e-05
3.359999895095825,0.3435709774494171,0.12794959545135498,-0.09112833440303802,0.987585186958313,5.228522300720215,0,2,0.7530109882354736,0.24746933579444885,0.026223063468933105,0,0.9998637437820435,-0.8268925547599792,-0.005746767390519381,1.720237560220994e-05
3.379999876022339,0.34356561303138733,0.12810316681861877,-0.09109233319759369,0.9875686168670654,5.226451396942139,0,2,0.752797544002533,0.24650512635707855,0.026196151971817017,0,0.9998629093170166,-0.826848566532135,-0.005743538029491901,1.720574618957471e-05
3.3999998569488525,0.34355396032333374,0.12810614705085754,-0.09105314314365387,0.9875718355178833,5.224196434020996,0,2,0.753956139087677,0.2452917844057083,0.02616158127784729,0,0.9998621344566345,-0.8268080353736877,-0.005739389453083277,1.7244559785467573e-05
3.419999837875366,0.343545526266098,0.12825261056423187,-0.09104742109775543,0.9875533580780029,5.223867416381836,0,2,0.7530537843704224,0.24822475016117096,0.026161670684814453,0,0.9998610019683838,-0.8268109560012817,-0.005739400163292885,1.7421958546037786e-05
3.43999981880188,0.34354332089424133,0.1283167600631714,-0.09099934250116348,0.9875494837760925,5.221100807189941,0,2,0.7525700926780701,0.24785901606082916,0.02616545557975769,0,0.9998607635498047,-0.8267987966537476,-0.005739854648709297,1.7350705093122087e-05
3.4600000381469727,0.3435398042201996,0.12860098481178284,-0.09096398204565048,0.9875157475471497,5.219066143035889,0,2,0.7534394860267639,0.24575763940811157,0.026163846254348755,0,0.9998596906661987,-0.8267850279808044,-0.0057396613992750645,1.715791950118728e-05
3.4800000190734863,0.3435404300689697,0.12836997210979462,-0.09087160229682922,0.9875543117523193,5.213751316070557,0,2,0.7517797350883484,0.25032952427864075,0.02616867423057556,0,0.9998606443405151,-0.826794445514679,-0.005740240681916475,1.7411348380846903e-05
3.5,0.34353387355804443,0.12841112911701202,-0.0908527672290802,0.987550675868988,5.212667942047119,0,2,0.7565099596977234,0.2409476637840271,0.026180297136306763,0,0.9998599290847778,-0.826822817325592,-0.005741635337471962,1.67207599588437e-05
3.5199999809265137,0.34352657198905945,0.12835800647735596,-0.09083448350429535,0.9875592589378357,5.211616039276123,0,2,0.7542874217033386,0.246781125664711,0.026190996170043945,0,0.9998595118522644,-0.8268334269523621,-0.005742919165641069,1.7070651665562764e-05
3.5399999618530273,0.3435273766517639,0.12840841710567474,-0.09081457555294037,0.9875545501708984,5.210470676422119,0,2,0.7533628940582275,0.2476925402879715,0.02621719241142273,0,0.9998593330383301,-0.8268553018569946,-0.005746062844991684,1.6996993508655578e-05
3.559999942779541,0.3435285985469818,0.12842366099357605,-0.09078307449817657,0.9875554442405701,5.208658218383789,0,2,0.7544825077056885,0.24497012794017792,0.026232600212097168,0,0.9998593926429749,-0.8268626928329468,-0.005747911985963583,1.6720770872780122e-05
3.5799999237060547,0.3435245156288147,0.12819123268127441,-0.09074670076370239,0.9875890016555786,5.2065653800964355,0,2,0.7545249462127686,0.24502870440483093,0.026231855154037476,0,0.9998596906661987,-0.8268580436706543,-0.00574782257899642,1.6714941011741757e-05
3.5999999046325684,0.34351545572280884,0.12810784578323364,-0.09078621864318848,0.9875962138175964,5.208839416503906,0,2,0.7562509179115295,0.24328236281871796,0.02625104784965515,0,0.9998589158058167,-0.8268856406211853,-0.005750125739723444,1.651618913456332e-05
3.619999885559082,0.343510240316391,0.1279439777135849,-0.09080890566110611,0.9876153469085693,5.210144519805908,0,2,0.7542924880981445,0.24650317430496216,0.02627021074295044,0,0.9998587369918823,-0.8268867135047913,-0.00575242517516017,1.6651452824589796e-05
3.6399998664855957,0.34350478649139404,0.12790478765964508,-0.09083406627178192,0.987618088722229,5.211592197418213,0,2,0.7554925680160522,0.24362197518348694,0.026269853115081787,0,0.9998582005500793,-0.826884925365448,-0.005752382334321737,1.644563781155739e-05
3.6599998474121094,0.34349682927131653,0.1280018389225006,-0.0908549576997757,0.9876036047935486,5.212794303894043,0,2,0.7544324994087219,0.2448793202638626,0.02624952793121338,0,0.9998571276664734,-0.8268359303474426,-0.005749943200498819,1.658969631535001e-05
3.679999828338623,0.3434862494468689,0.12784472107887268,-0.09087400138378143,0.9876222014427185,5.213889122009277,0,2,0.7535346150398254,0.24686993658542633,0.02623763680458069,0,0.9998566508293152,-0.8267958760261536,-0.0057485164143145084,1.677043837844394e-05
3.6999998092651367,0.34347718954086304,0.12794096767902374,-0.09093211591243744,0.9876043796539307,5.217233180999756,0,2,0.7537598609924316,0.2463793307542801,0.026247292757034302,0,0.9998553395271301,-0.8267939686775208,-0.00574967497959733,1.6681246052030474e-05
3.7200000286102295,0.34347012639045715,0.12776270508766174,-0.0909142717719078,0.9876291155815125,5.2162065505981445,0,2,0.7532113194465637,0.2467927187681198,0.02623036503791809,0,0.9998552799224854,-0.8267598152160645,-0.005747643765062094,1.677021646173671e-05
3.740000009536743,0.3434561491012573,0.1280544549226761,-0.09096154570579529,0.9875869750976562,5.218926906585693,0,2,0.7552638649940491,0.24279016256332397,0.02621513605117798,0,0.9998530745506287,-0.8267240524291992,-0.005745816044509411,1.652249375183601e-05
3.759999990463257,0.34344974160194397,0.12772858142852783,-0.09093520045280457,0.987631618976593,5.217410564422607,0,2,0.7509294152259827,0.2525395452976227,0.026218950748443604,0,0.9998535513877869,-0.8267094492912292,-0.005746273789554834,1.7000022126012482e-05
3.7799999713897705,0.34344109892845154,0.12802672386169434,-0.09097641706466675,0.9875891804695129,5.21978235244751,0,2,0.7547353506088257,0.24248570203781128,0.026232540607452393,0,0.999851644039154,-0.8267035484313965,-0.005747904535382986,1.640640948608052e-05
3.799999952316284,0.3434324264526367,0.12774008512496948,-0.09092512726783752,0.9876310229301453,5.216831684112549,0,2,0.7521143555641174,0.24957123398780823,0.02621990442276001,0,0.9998518824577332,-0.826681911945343,-0.005746388342231512,1.694745515123941e-05
3.819999933242798,0.3434227406978607,0.12789976596832275,-0.09093447774648666,0.9876095056533813,5.217369556427002,0,2,0.7542524933815002,0.24448131024837494,0.02622738480567932,0,0.9998505115509033,-0.8266835808753967,-0.005747286137193441,1.655980304349214e-05
3.8399999141693115,0.3434135317802429,0.12756618857383728,-0.0908997654914856,0.9876558780670166,5.215372085571289,0,2,0.7536291480064392,0.24773618578910828,0.026237934827804565,0,0.9998506903648376,-0.8266969919204712,-0.005748551804572344,1.6741798390285112e-05
3.859999895095825,0.3434043824672699,0.12772810459136963,-0.09089981019496918,0.9876349568367004,5.215374946594238,0,2,0.7542661428451538,0.24432693421840668,0.026244282722473145,0,0.9998493194580078,-0.826698362827301,-0.005749313626438379,1.647312456043437e-05
3.879999876022339,0.34339606761932373,0.1276216208934784,-0.09085224568843842,0.9876530766487122,5.212637901306152,0,2,0.7535074949264526,0.24747565388679504,0.02624097466468811,0,0.9998489618301392,-0.826694130897522,-0.005748916883021593,1.6698877516319044e-05
3.8999998569488525,0.3433893024921417,0.12766215205192566,-0.09080660343170166,0.9876520037651062,5.210012435913086,0,2,0.7533732652664185,0.24628952145576477,0.026241183280944824,0,0.9998483061790466,-0.8266876339912415,-0.00574894156306982,1.660322777752299e-05
3.919999837875366,0.3433804214000702,0.127433642745018,-0.09074394404888153,0.9876872897148132,5.206407070159912,0,2,0.7549415230751038,0.24525906145572662,0.02623775601387024,0,0.9998483061790466,-0.8267127871513367,-0.005748530384153128,1.654266998230014e-05
3.93999981880188,0.34336960315704346,0.12763774394989014,-0.09070172905921936,0.9876648187637329,5.203978061676025,0,2,0.7552314400672913,0.24328382313251495,0.026221483945846558,0,0.9998469352722168,-0.8267008662223816,-0.005746577866375446,1.6447163943666965e-05
3.9599997997283936,0.34336137771606445,0.1275588572025299,-0.09061438590288162,0.9876830577850342,5.198953628540039,0,2,0.7541821599006653,0.247340589761734,0.026204019784927368,0,0.9998467564582825,-0.8267033696174622,-0.005744481924921274,1.678807893767953e-05
3.9800000190734863,0.34335824847221375,0.1279899626970291,-0.09054359793663025,0.9876337647438049,5.194880962371826,0,2,0.7540864944458008,0.24541965126991272,0.026195913553237915,0,0.9998454451560974,-0.8266969323158264,-0.005743509624153376,1.6624499039608054e-05
4.0,0.34335756301879883,0.12795549631118774,-0.09039962291717529,0.9876514077186584,5.1865973472595215,0,2,0.7531221508979797,0.24811379611492157,0.0261838436126709,0,0.9998459219932556,-0.8266849517822266,-0.005742060951888561,1.6850111933308654e-05
4.019999980926514,0.34335723519325256,0.12810049951076508,-0.09028869867324829,0.987642765045166,5.180215835571289,0,2,0.754980742931366,0.24476657807826996,0.02618926763534546,0,0.9998456835746765,-0.8267217874526978,-0.0057427119463682175,1.6566153135499917e-05
4.039999961853027,0.34335750341415405,0.12803232669830322,-0.0901612862944603,0.987663209438324,5.172885894775391,0,2,0.7557310461997986,0.24476343393325806,0.026202261447906494,0,0.9998462200164795,-0.8267560005187988,-0.005744270980358124,1.6496389434905723e-05
4.059999942779541,0.3433573544025421,0.12805716693401337,-0.09006393700838089,0.9876688718795776,5.167285442352295,0,2,0.7567762136459351,0.24290567636489868,0.02622312307357788,0,0.999846339225769,-0.8267974853515625,-0.00574677437543869,1.6269679690594785e-05
4.079999923706055,0.34336286783218384,0.12795192003250122,-0.08995193243026733,0.9876927137374878,5.160841464996338,0,2,0.7564301490783691,0.2450760453939438,0.026246994733810425,0,0.9998472929000854,-0.8268614411354065,-0.005749639123678207,1.6294718079734594e-05
4.099999904632568,0.34336531162261963,0.12813697755336761,-0.08986179530620575,0.9876769781112671,5.155655860900879,0,2,0.7579386830329895,0.23989956080913544,0.02625080943107605,0,0.9998471736907959,-0.8268638849258423,-0.005750096868723631,1.5900859580142424e-05
4.119999885559082,0.3433661162853241,0.12803423404693604,-0.08978448808193207,0.9876973032951355,5.151208877563477,0,2,0.7564669251441956,0.24509678781032562,0.026265650987625122,0,0.9998476505279541,-0.8268864154815674,-0.005751878023147583,1.617634370632004e-05
4.139999866485596,0.3433743417263031,0.12792041897773743,-0.08972210437059402,0.9877177476882935,5.14762020111084,0,2,0.7562943696975708,0.24486654996871948,0.026305407285690308,0,0.9998486042022705,-0.8269415497779846,-0.005756648723036051,1.5984760466380976e-05
4.159999847412109,0.34337520599365234,0.12774786353111267,-0.08967281877994537,0.9877445101737976,5.144784927368164,0,2,0.7599547505378723,0.237681582570076,0.026314973831176758,0,0.9998490810394287,-0.8269637227058411,-0.005757796578109264,1.5475026884814724e-05
4.179999828338623,0.3433707654476166,0.127638041973114,-0.08966263383626938,0.9877596497535706,5.144198894500732,0,2,0.7589511275291443,0.24097007513046265,0.02631056308746338,0,0.9998490214347839,-0.8269700407981873,-0.0057572671212255955,1.569989944982808e-05
4.199999809265137,0.34336990118026733,0.12755180895328522,-0.08967560529708862,0.987769603729248,5.14494514465332,0,2,0.7581031322479248,0.2426757961511612,0.02632090449333191,0,0.9998490214347839,-0.8269771337509155,-0.005758508108556271,1.5762549082865007e-05
4.21999979019165,0.34336793422698975,0.1277138888835907,-0.08970380574464798,0.9877461194992065,5.146567344665527,0,2,0.7579070329666138,0.24076208472251892,0.026314377784729004,0,0.9998482465744019,-0.8269416689872742,-0.005757725331932306,1.5637751857866533e-05
4.239999771118164,0.34336671233177185,0.12766315042972565,-0.08969338983297348,0.9877536296844482,5.145967960357666,0,2,0.7559247016906738,0.24499906599521637,0.02628973126411438,0,0.9998482465744019,-0.8269035220146179,-0.0057547674514353275,1.5995097783161327e-05
4.259999752044678,0.3433622419834137,0.1277754008769989,-0.08971467614173889,0.9877371788024902,5.147192478179932,0,2,0.7575913667678833,0.2411741018295288,0.026269376277923584,0,0.9998474717140198,-0.8268671035766602,-0.0057523250579833984,1.5800867913640104e-05
4.279999732971191,0.3433542549610138,0.12761051952838898,-0.08973085135221481,0.9877570271492004,5.148123264312744,0,2,0.7572512030601501,0.2430402934551239,0.026249676942825317,0,0.9998472332954407,-0.8268386721611023,-0.005749960895627737,1.599917231942527e-05
4.299999713897705,0.34334802627563477,0.12791699171066284,-0.08979491889476776,0.9877115488052368,5.151809215545654,0,2,0.7569437026977539,0.24268801510334015,0.026244372129440308,0,0.9998456239700317,-0.8268159031867981,-0.005749324336647987,1.596128822711762e-05
4.319999694824219,0.3433474600315094,0.12796495854854584,-0.08979061245918274,0.9877057075500488,5.1515607833862305,0,2,0.7546859979629517,0.2465609461069107,0.026232928037643433,0,0.9998454451560974,-0.8267695903778076,-0.005747951101511717,1.6255311493296176e-05
4.339999675750732,0.3433459997177124,0.12819074094295502,-0.0898103266954422,0.9876746535301208,5.152695178985596,0,2,0.7554458379745483,0.24383966624736786,0.02623140811920166,0,0.9998445510864258,-0.8267381191253662,-0.005747768562287092,1.6048097677412443e-05
4.360000133514404,0.3433437943458557,0.12786661088466644,-0.08979170024394989,0.9877183437347412,5.1516242027282715,0,2,0.7552911639213562,0.24590428173542023,0.02623450756072998,0,0.9998453259468079,-0.8267389535903931,-0.005748140625655651,1.6167230569408275e-05
4.380000114440918,0.34333494305610657,0.12802696228027344,-0.0898609310388565,0.9876912832260132,5.155606746673584,0,2,0.7581104636192322,0.23956282436847687,0.02624991536140442,0,0.9998437762260437,-0.8267394304275513,-0.00574998976662755,1.5684659956605174e-05
4.400000095367432,0.34333035349845886,0.12772081792354584,-0.08988505601882935,0.9877287149429321,5.156994819641113,0,2,0.7552285194396973,0.24736452102661133,0.026272237300872803,0,0.9998441338539124,-0.8267505168914795,-0.005752668250352144,1.6115813195938244e-05
4.420000076293945,0.3433295786380768,0.127852663397789,-0.08994156122207642,0.9877065420150757,5.160245418548584,0,2,0.7563403844833374,0.2425757795572281,0.02629941701889038,0,0.9998433589935303,-0.8267591595649719,-0.005755929742008448,1.5692330634919927e-05
4.440000057220459,0.34332358837127686,0.1274804025888443,-0.0899403914809227,0.987754762172699,5.160178184509277,0,2,0.7565972208976746,0.2431209236383438,0.02628973126411438,0,0.9998438358306885,-0.8267430663108826,-0.0057547674514353275,1.5770565369166434e-05
4.460000038146973,0.3433096408843994,0.12753351032733917,-0.09001192450523376,0.9877414107322693,5.16429328918457,0,2,0.7577192187309265,0.2404104769229889,0.026274442672729492,0,0.9998422265052795,-0.8267268538475037,-0.005752932745963335,1.565845377626829e-05
4.480000019073486,0.3432973325252533,0.12740981578826904,-0.09006422758102417,0.9877526164054871,5.167302131652832,0,2,0.7558441758155823,0.24553176760673523,0.026267021894454956,0,0.9998413324356079,-0.8267093300819397,-0.005752042401582003,1.6032689018175006e-05
4.5,0.343290239572525,0.12760700285434723,-0.09010192006826401,0.987723708152771,5.169469833374023,0,2,0.7551102042198181,0.2444443255662918,0.026252835988998413,0,0.9998400807380676,-0.8266794085502625,-0.0057503399439156055,1.599494498805143e-05
4.519999980926514,0.3432839512825012,0.1277724951505661,-0.09009351581335068,0.9877030849456787,5.168986797332764,0,2,0.7547662854194641,0.24529942870140076,0.02622315287590027,0,0.9998391270637512,-0.8266357183456421,-0.005746778100728989,1.6149999282788485e-05
4.539999961853027,0.343276709318161,0.127873495221138,-0.0900716632604599,0.9876919984817505,5.16772985458374,0,2,0.753953218460083,0.2460823655128479,0.026203304529190063,0,0.9998382329940796,-0.8265880942344666,-0.0057443962432444096,1.626592165848706e-05
4.559999942779541,0.34327033162117004,0.12778501212596893,-0.09006527811288834,0.9877040386199951,5.167362213134766,0,2,0.7547644376754761,0.24642668664455414,0.026220351457595825,0,0.9998378753662109,-0.8266105651855469,-0.0057464418932795525,1.6219513781834394e-05
4.579999923706055,0.34326693415641785,0.12769635021686554,-0.0900266095995903,0.9877189993858337,5.165137767791748,0,2,0.7555717825889587,0.24411216378211975,0.026227951049804688,0,0.9998379349708557,-0.8266322016716003,-0.005747354123741388,1.6031091945478693e-05
4.599999904632568,0.3432580828666687,0.1278941035270691,-0.09000963717699051,0.9876949787139893,5.164161205291748,0,2,0.7574570178985596,0.2408558577299118,0.02622002363204956,0,0.9998366236686707,-0.8266231417655945,-0.005746402777731419,1.582563345436938e-05
4.619999885559082,0.3432554006576538,0.12767255306243896,-0.0899401307106018,0.9877299666404724,5.160162925720215,0,2,0.7542988061904907,0.24847589433193207,0.02622157335281372,0,0.9998372793197632,-0.8266381621360779,-0.005746588576585054,1.6317531844833866e-05
4.639999866485596,0.3432529866695404,0.1279486119747162,-0.08991893380880356,0.9876961708068848,5.158943176269531,0,2,0.7571109533309937,0.2410278022289276,0.026230961084365845,0,0.9998362064361572,-0.8266578912734985,-0.005747715011239052,1.5761635950184427e-05
4.659999847412109,0.34324848651885986,0.12783867120742798,-0.08982360363006592,0.9877190589904785,5.153459072113037,0,2,0.7556318640708923,0.24482333660125732,0.02620607614517212,0,0.9998365640640259,-0.8266435861587524,-0.005744728725403547,1.6106932889670134e-05
4.679999828338623,0.3432457149028778,0.12814338505268097,-0.0897810235619545,0.9876834750175476,5.151009559631348,0,2,0.7564813494682312,0.2435120940208435,0.026205718517303467,0,0.9998354911804199,-0.826664388179779,-0.005744685884565115,1.5983558114385232e-05
4.699999809265137,0.343248575925827,0.1280292272567749,-0.08968652784824371,0.9877068400382996,5.145573616027832,0,2,0.755560576915741,0.24612772464752197,0.026220202445983887,0,0.9998363852500916,-0.8266850113868713,-0.005746424198150635,1.6092451915028505e-05
4.71999979019165,0.3432510495185852,0.1281738430261612,-0.08963067829608917,0.987693190574646,5.142360687255859,0,2,0.757193386554718,0.2418275624513626,0.026241540908813477,0,0.9998362064361572,-0.8267170190811157,-0.00574898486956954,1.570575295772869e-05
4.739999771118164,0.34325528144836426,0.12802612781524658,-0.0895501971244812,0.9877196550369263,5.137730598449707,0,2,0.7566962838172913,0.24461697041988373,0.02626439929008484,0,0.9998371601104736,-0.826755166053772,-0.005751727614551783,1.5787116353749298e-05
4.759999752044678,0.34325727820396423,0.12789008021354675,-0.08949528634548187,0.9877422451972961,5.134571552276611,0,2,0.7584714293479919,0.24053402245044708,0.026286721229553223,0,0.9998377561569214,-0.8267877697944641,-0.005754406098276377,1.543819780636113e-05
4.779999732971191,0.34325534105300903,0.12766169011592865,-0.08946985006332397,0.9877740740776062,5.133108615875244,0,2,0.7597116827964783,0.24022920429706573,0.026302814483642578,0,0.9998381733894348,-0.8268377184867859,-0.005756337661296129,1.5358195014414378e-05
4.799999713897705,0.3432537019252777,0.12765780091285706,-0.08945067971944809,0.9877763390541077,5.1320061683654785,0,2,0.7590235471725464,0.24021519720554352,0.02629643678665161,0,0.9998380541801453,-0.8268406391143799,-0.005755572114139795,1.5373516362160444e-05
4.819999694824219,0.34324973821640015,0.12778213620185852,-0.08944341540336609,0.9877609014511108,5.131587505340576,0,2,0.7591425180435181,0.24030368030071259,0.02627408504486084,0,0.9998373985290527,-0.8268238306045532,-0.005752889905124903,1.5444220480276272e-05
4.839999675750732,0.34325075149536133,0.12794683873653412,-0.08941087126731873,0.98774254322052,5.129715442657471,0,2,0.7564519047737122,0.24455741047859192,0.026247739791870117,0,0.9998372197151184,-0.8267936110496521,-0.0057497285306453705,1.579008858243469e-05
4.859999656677246,0.34325110912323,0.12824133038520813,-0.08939255774021149,0.9877060055732727,5.128662586212158,0,2,0.7572435140609741,0.24207249283790588,0.026231050491333008,0,0.9998364448547363,-0.8267577290534973,-0.00574772572144866,1.565356615174096e-05
4.880000114440918,0.34325408935546875,0.1282762885093689,-0.08935870975255966,0.9877045154571533,5.126714706420898,0,2,0.755534827709198,0.24607068300247192,0.02623620629310608,0,0.9998366832733154,-0.8267449140548706,-0.005748344585299492,1.5879333659540862e-05
4.900000095367432,0.3432603180408478,0.12812548875808716,-0.08932910114526749,0.9877267479896545,5.125011920928955,0,2,0.7572614550590515,0.24332858622074127,0.026264160871505737,0,0.9998376369476318,-0.8267817497253418,-0.005751699209213257,1.5581965271849185e-05
4.920000076293945,0.34325945377349854,0.12808650732040405,-0.08934043347835541,0.9877308011054993,5.1256632804870605,0,2,0.7599936127662659,0.23798209428787231,0.026281654834747314,0,0.9998375177383423,-0.8267939686775208,-0.00575379841029644,1.517257624072954e-05
4.940000057220459,0.34325727820396423,0.12785233557224274,-0.0893644466996193,0.987758994102478,5.127045154571533,0,2,0.7581035494804382,0.2429904341697693,0.026301681995391846,0,0.9998378753662109,-0.8268042802810669,-0.005756201688200235,1.5419880583067425e-05
4.960000038146973,0.3432581126689911,0.12773658335208893,-0.08941198885440826,0.9877696633338928,5.129780292510986,0,2,0.758739173412323,0.24123592674732208,0.026323825120925903,0,0.9998379945755005,-0.8268327713012695,-0.005758858751505613,1.5228652046062052e-05
4.980000019073486,0.34325313568115234,0.12779389321804047,-0.08945240080356598,0.9877585768699646,5.132104873657227,0,2,0.7591229677200317,0.23868130147457123,0.026300936937332153,0,0.9998372197151184,-0.8267895579338074,-0.005756112281233072,1.5141405128815677e-05
5.0,0.3432444930076599,0.1278907060623169,-0.08951224386692047,0.9877406358718872,5.135547161102295,0,2,0.7570494413375854,0.2433493286371231,0.02627784013748169,0,0.9998360276222229,-0.826739490032196,-0.005753340665251017,1.5519210137426853e-05
5.019999980926514,0.3432440459728241,0.1278056651353836,-0.08955903351306915,0.9877473711967468,5.13823938369751,0,2,0.7553499341011047,0.24680928885936737,0.02628934383392334,0,0.9998360276222229,-0.8267360925674438,-0.005754720885306597,1.5690211512264796e-05
5.039999961853027,0.3432405889034271,0.12784743309020996,-0.08960575610399246,0.9877377152442932,5.140927314758301,0,2,0.7577861547470093,0.24008503556251526,0.026285111904144287,0,0.9998354315757751,-0.8267115950584412,-0.005754213314503431,1.5269724826794118e-05
5.059999942779541,0.34323132038116455,0.12772972881793976,-0.08963818848133087,0.9877500534057617,5.142792224884033,0,2,0.7573968172073364,0.2424735128879547,0.02625933289527893,0,0.9998348951339722,-0.8266817331314087,-0.005751119926571846,1.5522202374995686e-05
5.079999923706055,0.3432234823703766,0.12774839997291565,-0.0896943062543869,0.98774254322052,5.146020889282227,0,2,0.757215142250061,0.24308495223522186,0.026250869035720825,0,0.9998340010643005,-0.8266686201095581,-0.0057501038536429405,1.559234624437522e-05
5.099999904632568,0.3432155251502991,0.1278723180294037,-0.08974504470825195,0.987721860408783,5.148940086364746,0,2,0.7569897770881653,0.24240078032016754,0.026237845420837402,0,0.999832808971405,-0.8266329765319824,-0.005748541094362736,1.5588309906888753e-05
5.119999885559082,0.34321099519729614,0.1280614137649536,-0.08975811302661896,0.9876961708068848,5.149691581726074,0,2,0.7548882365226746,0.2457686811685562,0.026212751865386963,0,0.9998319149017334,-0.8265941739082336,-0.005745530128479004,1.5881234503467567e-05
5.139999866485596,0.34320855140686035,0.12827788293361664,-0.0897464007139206,0.9876691699028015,5.149017810821533,0,2,0.7551308870315552,0.2448778599500656,0.026192069053649902,0,0.9998311996459961,-0.8265590071678162,-0.005743048153817654,1.587680890224874e-05
5.159999847412109,0.3432040512561798,0.12823325395584106,-0.08971802890300751,0.9876775145530701,5.147385597229004,0,2,0.7557129859924316,0.24447554349899292,0.026180952787399292,0,0.9998310804367065,-0.8265462517738342,-0.005741714034229517,1.5889410860836506e-05
5.179999828338623,0.34320035576820374,0.12843075394630432,-0.08973897993564606,0.9876499772071838,5.148591041564941,0,2,0.7561312913894653,0.24417413771152496,0.026204019784927368,0,0.9998300075531006,-0.8265663981437683,-0.005744481924921274,1.5761943359393626e-05
5.199999809265137,0.3432038426399231,0.12817788124084473,-0.08969025313854218,0.9876872301101685,5.145787715911865,0,2,0.7551199793815613,0.24664795398712158,0.026229947805404663,0,0.9998311996459961,-0.826596736907959,-0.0057475934736430645,1.5815918231965043e-05
5.21999979019165,0.3432033061981201,0.12842625379562378,-0.08970686793327332,0.9876534938812256,5.146743297576904,0,2,0.7581703066825867,0.2396005094051361,0.026256173849105835,0,0.9998301863670349,-0.8266206979751587,-0.00575074041262269,1.5244499991240446e-05
5.239999771118164,0.34320342540740967,0.127888023853302,-0.08965060859918594,0.9877284169197083,5.14350700378418,0,2,0.7558097243309021,0.2464316189289093,0.026272058486938477,0,0.9998319745063782,-0.8266430497169495,-0.005752646829932928,1.5614457879564725e-05
5.259999752044678,0.3431984484195709,0.12806111574172974,-0.08971958607435226,0.9876997470855713,5.147475719451904,0,2,0.759466826915741,0.2379997968673706,0.02630770206451416,0,0.9998305439949036,-0.8266855478286743,-0.00575692392885685,1.4965320588089526e-05
5.279999732971191,0.3431960344314575,0.1276327520608902,-0.08970983326435089,0.987756073474884,5.146914005279541,0,2,0.7561860680580139,0.24590396881103516,0.026324361562728882,0,0.99983149766922,-0.8266943693161011,-0.005758923012763262,1.540977791592013e-05
5.299999713897705,0.3431926369667053,0.12776175141334534,-0.08976487815380096,0.9877343773841858,5.150080680847168,0,2,0.7581431865692139,0.24000607430934906,0.026340901851654053,0,0.9998304843902588,-0.82670658826828,-0.005760908126831055,1.4986210771894548e-05
5.319999694824219,0.3431881070137024,0.12737667560577393,-0.08976283669471741,0.9877843260765076,5.149962902069092,0,2,0.7570146918296814,0.2440573126077652,0.026338428258895874,0,0.9998310804367065,-0.8267024755477905,-0.005760611034929752,1.5257792256306857e-05
5.339999675750732,0.3431776165962219,0.1273847371339798,-0.08981619030237198,0.9877784252166748,5.1530327796936035,0,2,0.7584376335144043,0.23927892744541168,0.026326268911361694,0,0.999829888343811,-0.8266819715499878,-0.005759152118116617,1.5018716112535913e-05
5.359999656677246,0.343166321516037,0.12736552953720093,-0.08987129479646683,0.9877758622169495,5.15620231628418,0,2,0.756924033164978,0.2440236359834671,0.026318609714508057,0,0.9998286962509155,-0.8266615271568298,-0.005758232902735472,1.5355264622485265e-05
5.380000114440918,0.343162477016449,0.12741796672344208,-0.08988422900438309,0.9877679347991943,5.156946659088135,0,2,0.7544903755187988,0.24614836275577545,0.02631184458732605,0,0.9998281598091125,-0.8266196250915527,-0.005757421255111694,1.5508843716816045e-05
5.400000095367432,0.343156099319458,0.12739297747612,-0.08988334238529205,0.987771213054657,5.156895637512207,0,2,0.7567256689071655,0.24259395897388458,0.026297032833099365,0,0.9998275637626648,-0.8266050815582275,-0.005755643825978041,1.5337469449150376e-05
5.420000076293945,0.343146413564682,0.12735283374786377,-0.08985923230648041,0.9877786040306091,5.155508995056152,0,2,0.7560253143310547,0.24336013197898865,0.02626591920852661,0,0.9998269081115723,-0.826563835144043,-0.005751910153776407,1.5502395399380475e-05
5.440000057220459,0.343132883310318,0.12740693986415863,-0.08987295627593994,0.9877703785896301,5.156298637390137,0,2,0.7572271227836609,0.24252086877822876,0.026254713535308838,0,0.9998254776000977,-0.8265528678894043,-0.0057505653239786625,1.5493757018703036e-05
5.460000038146973,0.3431287109851837,0.1274951845407486,-0.08984352648258209,0.9877616763114929,5.154604911804199,0,2,0.7545138001441956,0.24723783135414124,0.02625367045402527,0,0.9998249411582947,-0.8265500068664551,-0.005750440061092377,1.579044146637898e-05
5.480000019073486,0.34312668442726135,0.12768468260765076,-0.08976998925209045,0.9877438545227051,5.150374889373779,0,2,0.7560186386108398,0.24296516180038452,0.026233971118927002,0,0.9998244643211365,-0.8265317678451538,-0.005748076364398003,1.5564955901936628e-05
5.5,0.3431210219860077,0.12783487141132355,-0.08968157321214676,0.987732470035553,5.145287990570068,0,2,0.7560728788375854,0.24374181032180786,0.026207059621810913,0,0.9998239278793335,-0.826512336730957,-0.0057448470033705235,1.5701727534178644e-05
5.519999980926514,0.3431190550327301,0.12781648337841034,-0.08959335088729858,0.9877429008483887,5.1402130126953125,0,2,0.7553726434707642,0.24628561735153198,0.026216357946395874,0,0.999824047088623,-0.8265359997749329,-0.005745962727814913,1.58230777742574e-05
5.539999961853027,0.34311988949775696,0.1278809756040573,-0.08951354026794434,0.9877417683601379,5.135622024536133,0,2,0.7573080062866211,0.24251151084899902,0.026240497827529907,0,0.9998241066932678,-0.8265872001647949,-0.005748859606683254,1.5474859537789598e-05
5.559999942779541,0.343123197555542,0.1280026137828827,-0.08940921723842621,0.9877354502677917,5.129620552062988,0,2,0.7568687200546265,0.24330897629261017,0.02625468373298645,0,0.9998242855072021,-0.8266115188598633,-0.005750561598688364,1.5450674254680052e-05
5.579999923706055,0.34312838315963745,0.12777099013328552,-0.08928139507770538,0.9877769947052002,5.122267723083496,0,2,0.757641613483429,0.24334114789962769,0.02627265453338623,0,0.9998257756233215,-0.8266637325286865,-0.0057527185417711735,1.537499156256672e-05
5.599999904632568,0.34312984347343445,0.1277325302362442,-0.08920581638813019,0.9877887964248657,5.117919921875,0,2,0.7602403163909912,0.23847457766532898,0.026291579008102417,0,0.9998260736465454,-0.8267226219177246,-0.005754989106208086,1.4998040569480509e-05
5.619999885559082,0.3431282341480255,0.12772700190544128,-0.0891440138220787,0.9877951145172119,5.1143646240234375,0,2,0.759401261806488,0.240323007106781,0.02629980444908142,0,0.9998261332511902,-0.8267382383346558,-0.005755976308137178,1.5079568584042136e-05
5.639999866485596,0.3431335389614105,0.1276838183403015,-0.08907711505889893,0.9878067374229431,5.11051607131958,0,2,0.7581720352172852,0.2435578554868698,0.026317298412322998,0,0.9998267889022827,-0.8267841339111328,-0.005758075509220362,1.5202340364339761e-05
5.659999847412109,0.3431411683559418,0.12784849107265472,-0.08901381492614746,0.987791121006012,5.106874942779541,0,2,0.7591655850410461,0.23990780115127563,0.026328176259994507,0,0.9998271465301514,-0.8267953395843506,-0.005759380757808685,1.490738577558659e-05
5.679999828338623,0.3431428372859955,0.1276659518480301,-0.08894562721252441,0.9878208637237549,5.102952480316162,0,2,0.7590206861495972,0.24081206321716309,0.026329249143600464,0,0.9998278617858887,-0.826788067817688,-0.0057595097459852695,1.4960571206756867e-05
5.699999809265137,0.34314608573913574,0.12748083472251892,-0.08893521875143051,0.9878457188606262,5.102354049682617,0,2,0.7594285011291504,0.24180100858211517,0.026362597942352295,0,0.999828577041626,-0.826847493648529,-0.005763511639088392,1.4899587768013589e-05
5.71999979019165,0.3431479036808014,0.12734483182430267,-0.08892914652824402,0.9878637790679932,5.1020050048828125,0,2,0.7608016133308411,0.237727090716362,0.02638000249862671,0,0.9998289346694946,-0.8268568515777588,-0.0057656001299619675,1.4592390471079852e-05
5.739999771118164,0.3431437611579895,0.12729038298130035,-0.08895193785429001,0.9878687858581543,5.103315353393555,0,2,0.7606286406517029,0.23858439922332764,0.026376694440841675,0,0.9998285174369812,-0.8268435597419739,-0.005765202920883894,1.4660574379377067e-05
5.759999752044678,0.3431457579135895,0.12716460227966309,-0.08896945416927338,0.9878833889961243,5.104323387145996,0,2,0.7581801414489746,0.24363744258880615,0.026385009288787842,0,0.9998289346694946,-0.8268429636955261,-0.0057662008330225945,1.4937792002456263e-05
5.779999732971191,0.34314244985580444,0.12712453305721283,-0.08899711072444916,0.9878860712051392,5.105914115905762,0,2,0.7601950764656067,0.23739083111286163,0.026371866464614868,0,0.9998285174369812,-0.8268040418624878,-0.005764623638242483,1.460482417314779e-05
5.799999713897705,0.34313294291496277,0.12707431614398956,-0.08903513848781586,0.9878891110420227,5.108102321624756,0,2,0.7592398524284363,0.24064205586910248,0.026339828968048096,0,0.9998276829719543,-0.8267693519592285,-0.0057607791386544704,1.4924716197128873e-05
5.819999694824219,0.3431272506713867,0.12712198495864868,-0.08906202018260956,0.987880527973175,5.109647750854492,0,2,0.7582096457481384,0.24226237833499908,0.02631211280822754,0,0.999826967716217,-0.8267340660095215,-0.005757453385740519,1.512208200438181e-05
5.839999675750732,0.3431190550327301,0.12741942703723907,-0.0891018658876419,0.987838625907898,5.111939907073975,0,2,0.7588821649551392,0.23977863788604736,0.026282131671905518,0,0.9998253583908081,-0.8266744613647461,-0.005753855686634779,1.5052149137773085e-05
5.859999656677246,0.3431175947189331,0.12746354937553406,-0.08908115327358246,0.9878348112106323,5.110748767852783,0,2,0.7553408741950989,0.24701526761054993,0.026256978511810303,0,0.9998252987861633,-0.8266369700431824,-0.00575083727017045,1.560084638185799e-05
5.87999963760376,0.3431166708469391,0.12775062024593353,-0.08906663954257965,0.9877990484237671,5.1099138259887695,0,2,0.7577391862869263,0.24094122648239136,0.02623853087425232,0,0.9998245239257812,-0.8266105651855469,-0.005748623516410589,1.5249725947796833e-05
5.900000095367432,0.3431113362312317,0.12776002287864685,-0.08902277052402496,0.9878017902374268,5.1073899269104,0,2,0.7575015425682068,0.2425525188446045,0.026214152574539185,0,0.9998242259025574,-0.82657790184021,-0.005745698232203722,1.544692895549815e-05
5.920000076293945,0.34311023354530334,0.1279779076576233,-0.08902443200349808,0.9877734184265137,5.107485771179199,0,2,0.7569761276245117,0.24425622820854187,0.02623504400253296,0,0.9998234510421753,-0.826595664024353,-0.0057482048869132996,1.545769555377774e-05
5.940000057220459,0.34311720728874207,0.12787358462810516,-0.0889766663312912,0.9877912402153015,5.104738235473633,0,2,0.756543755531311,0.2449541538953781,0.026273131370544434,0,0.9998244643211365,-0.8266254663467407,-0.005752775352448225,1.535311275802087e-05
5.960000038146973,0.3431207239627838,0.1277671456336975,-0.08893147110939026,0.9878090620040894,5.102138519287109,0,2,0.7591732740402222,0.23936782777309418,0.026290923357009888,0,0.999825119972229,-0.8266609311103821,-0.005754910409450531,1.4937170817574952e-05
5.980000019073486,0.3431173264980316,0.12766793370246887,-0.08892294764518738,0.9878226518630981,5.101648330688477,0,2,0.7600383162498474,0.23935721814632416,0.02630406618118286,0,0.9998250007629395,-0.8266834616661072,-0.005756487604230642,1.4894082596583758e-05
6.0,0.34311479330062866,0.12734219431877136,-0.0889265239238739,0.9878643751144409,5.101853847503662,0,2,0.7591490745544434,0.24191570281982422,0.026331275701522827,0,0.9998255968093872,-0.8267198204994202,-0.005759752821177244,1.4963687135605142e-05
6.019999980926514,0.3431139886379242,0.12735486030578613,-0.08896160125732422,0.9878596067428589,5.103871822357178,0,2,0.7604901194572449,0.23875243961811066,0.026349246501922607,0,0.9998252391815186,-0.8267638087272644,-0.005761909298598766,1.470749430154683e-05
6.039999961853027,0.34311145544052124,0.12743337452411652,-0.08894550800323486,0.9878509044647217,5.102945804595947,0,2,0.7590308785438538,0.23984694480895996,0.026317685842514038,0,0.9998248815536499,-0.8267168998718262,-0.0057581220753490925,1.4880183698551264e-05
6.059999942779541,0.343106210231781,0.1274750679731369,-0.08895209431648254,0.9878449440002441,5.103324890136719,0,2,0.7586621642112732,0.2417767345905304,0.02629569172859192,0,0.9998243451118469,-0.8266950845718384,-0.005755482707172632,1.5076971067173872e-05
6.079999923706055,0.3431064784526825,0.12750805914402008,-0.08896064758300781,0.987839937210083,5.103816986083984,0,2,0.7573820352554321,0.24385137856006622,0.026301145553588867,0,0.9998242259025574,-0.8266955018043518,-0.005756137426942587,1.5177471141214482e-05
6.099999904632568,0.34310460090637207,0.12755590677261353,-0.08895447850227356,0.9878342747688293,5.103461742401123,0,2,0.7587401866912842,0.2398945689201355,0.026292383670806885,0,0.999823808670044,-0.8266738057136536,-0.005755085963755846,1.4954972357372753e-05
6.119999885559082,0.3431025445461273,0.1275995969772339,-0.08894643187522888,0.9878293871879578,5.102998733520508,0,2,0.758281946182251,0.24243415892124176,0.026283711194992065,0,0.9998235702514648,-0.8266721963882446,-0.005754045210778713,1.513757979410002e-05
6.139999866485596,0.343103289604187,0.1276002675294876,-0.08893613517284393,0.9878302216529846,5.1024065017700195,0,2,0.758011519908905,0.24232211709022522,0.026293009519577026,0,0.9998236298561096,-0.8266623020172119,-0.005755160935223103,1.5092316971276887e-05
6.159999847412109,0.34310102462768555,0.12742838263511658,-0.08893240988254547,0.9878527522087097,5.102192401885986,0,2,0.7592585682868958,0.2404005080461502,0.026300549507141113,0,0.9998238682746887,-0.826676607131958,-0.0057560657151043415,1.495031301601557e-05
6.179999828338623,0.34309902787208557,0.12749972939491272,-0.08893278241157532,0.9878435134887695,5.1022138595581055,0,2,0.7590218782424927,0.24058771133422852,0.026292115449905396,0,0.9998234510421753,-0.8266817331314087,-0.005755053833127022,1.498360597906867e-05
6.199999809265137,0.34309372305870056,0.12753406167030334,-0.08891000598669052,0.9878411293029785,5.100903511047363,0,2,0.7595600485801697,0.23945994675159454,0.02626052498817444,0,0.9998230934143066,-0.8266491889953613,-0.0057512628845870495,1.5024037566035986e-05
6.21999979019165,0.34308966994285583,0.12772324681282043,-0.08890696614980698,0.9878169298171997,5.100728511810303,0,2,0.7585417628288269,0.2421964854001999,0.026240140199661255,0,0.9998223185539246,-0.8266427516937256,-0.005748816765844822,1.525435709481826e-05
6.239999771118164,0.34309256076812744,0.12790723145008087,-0.08886301517486572,0.9877970814704895,5.09820032119751,0,2,0.7572576999664307,0.24356266856193542,0.02622377872467041,0,0.9998223185539246,-0.8266279697418213,-0.005746853072196245,1.5377672752947547e-05
6.259999752044678,0.3430933654308319,0.12827721238136292,-0.08882315456867218,0.9877526760101318,5.095907211303711,0,2,0.7583283185958862,0.24053828418254852,0.02620372176170349,0,0.9998215436935425,-0.8265999555587769,-0.005744446534663439,1.5217632608255371e-05
6.279999732971191,0.34310004115104675,0.128312349319458,-0.08875425159931183,0.9877543449401855,5.091944217681885,0,2,0.7561519742012024,0.2465561181306839,0.026213735342025757,0,0.9998223185539246,-0.8266130685806274,-0.005745647940784693,1.555164453748148e-05
6.299999713897705,0.34310880303382874,0.12828609347343445,-0.08870896697044373,0.9877617955207825,5.089339256286621,0,2,0.7588204145431519,0.2408871203660965,0.026253461837768555,0,0.9998232126235962,-0.8266592025756836,-0.005750415381044149,1.503678231529193e-05
6.319999694824219,0.34311315417289734,0.1281401813030243,-0.08869002014398575,0.9877824783325195,5.088249206542969,0,2,0.7601748704910278,0.2394244521856308,0.026293665170669556,0,0.9998239874839783,-0.8267066478729248,-0.005755239631980658,1.4800811186432838e-05
6.339999675750732,0.34311896562576294,0.12785202264785767,-0.08868522942066193,0.9878202080726624,5.087973594665527,0,2,0.7597609758377075,0.2410992980003357,0.02633845806121826,0,0.9998251795768738,-0.8267622590065002,-0.005760614760220051,1.4744860891369171e-05
6.359999656677246,0.34312134981155396,0.12768085300922394,-0.08872738480567932,0.9878385663032532,5.090398788452148,0,2,0.7617737650871277,0.23695850372314453,0.02637636661529541,0,0.9998255372047424,-0.8268037438392639,-0.00576516380533576,1.4372987607202958e-05
6.37999963760376,0.3431199789047241,0.12733778357505798,-0.08876067399978638,0.9878798723220825,5.092313289642334,0,2,0.7607300281524658,0.23895835876464844,0.026380181312561035,0,0.999826192855835,-0.8268119096755981,-0.005765621550381184,1.4491934052784927e-05
6.399999618530273,0.3431136906147003,0.12738968431949615,-0.08884990215301514,0.987865149974823,5.097446441650391,0,2,0.7614858150482178,0.23696818947792053,0.02636772394180298,0,0.999825119972229,-0.8268002867698669,-0.005764126777648926,1.4419731087400578e-05
6.420000076293945,0.343107670545578,0.12727434933185577,-0.08889935910701752,0.9878755807876587,5.100290775299072,0,2,0.7591597437858582,0.2413320094347,0.026333004236221313,0,0.9998248219490051,-0.8267537355422974,-0.0057599605061113834,1.481861818319885e-05
6.440000057220459,0.34310099482536316,0.1277078539133072,-0.08899790048599243,0.9878107309341431,5.105959415435791,0,2,0.7588375210762024,0.24006026983261108,0.026306062936782837,0,0.999822735786438,-0.8266940116882324,-0.005756727419793606,1.4795557035540696e-05
6.460000038146973,0.343100905418396,0.12755249440670013,-0.08899742364883423,0.9878308773040771,5.105932235717773,0,2,0.7556761503219604,0.24680407345294952,0.026277542114257812,0,0.9998233318328857,-0.8266439437866211,-0.005753304809331894,1.533339309389703e-05
6.480000019073486,0.34309691190719604,0.12801125645637512,-0.08906848728656769,0.9877651333808899,5.110020160675049,0,2,0.7585281133651733,0.2389366179704666,0.026265949010849,0,0.9998213648796082,-0.8266005516052246,-0.005751913879066706,1.4837604794593062e-05
6.5,0.3430939316749573,0.12757353484630585,-0.0890461653470993,0.9878237843513489,5.108736038208008,0,2,0.7562227845191956,0.24643217027187347,0.02625444531440735,0,0.9998225569725037,-0.8265793919563293,-0.005750533193349838,1.5367693777079694e-05
6.519999980926514,0.3430890142917633,0.1278681606054306,-0.08912003040313721,0.9877790212631226,5.112985134124756,0,2,0.759750247001648,0.23793256282806396,0.026262879371643066,0,0.9998209476470947,-0.8265921473503113,-0.005751545075327158,1.4802742043684702e-05
6.539999961853027,0.34308430552482605,0.127775177359581,-0.08912508189678192,0.987790584564209,5.113275527954102,0,2,0.75740647315979,0.2436915785074234,0.0262545645236969,0,0.99982088804245,-0.8265585899353027,-0.005750547628849745,1.521771355328383e-05
6.559999942779541,0.34308308362960815,0.1279572695493698,-0.08915296196937561,0.9877644777297974,5.114879608154297,0,2,0.7567576766014099,0.24335484206676483,0.0262601375579834,0,0.9998201727867126,-0.8265511393547058,-0.005751216318458319,1.5162127056100871e-05
6.579999923706055,0.3430843651294708,0.12791669368743896,-0.08914773166179657,0.9877701997756958,5.1145782470703125,0,2,0.7569608092308044,0.24387161433696747,0.026270955801010132,0,0.999820351600647,-0.8265594244003296,-0.005752514582127333,1.5153947060753126e-05
6.599999904632568,0.34308061003685,0.1279020756483078,-0.08914759755134583,0.9877721071243286,5.1145710945129395,0,2,0.7577024102210999,0.2407906949520111,0.02627265453338623,0,0.9998200535774231,-0.826540470123291,-0.0057527185417711735,1.4957974599383306e-05
6.619999885559082,0.34307655692100525,0.12772351503372192,-0.0891832783818245,0.9877920150756836,5.116623401641846,0,2,0.7580192685127258,0.24368546903133392,0.026308000087738037,0,0.9998199343681335,-0.8265910148620605,-0.005756959784775972,1.5017235455161426e-05
6.639999866485596,0.34307876229286194,0.12741458415985107,-0.0891800969839096,0.9878321886062622,5.116440296173096,0,2,0.7578168511390686,0.24243636429309845,0.02633798122406006,0,0.99982088804245,-0.8266263008117676,-0.005760557483881712,1.4843149983789772e-05
6.659999847412109,0.34306952357292175,0.12748801708221436,-0.08923450112342834,0.9878178238868713,5.119569778442383,0,2,0.7613655924797058,0.2354016900062561,0.026338160037994385,0,0.9998195767402649,-0.8266268968582153,-0.005760578904300928,1.4417522834264673e-05
6.679999828338623,0.343064546585083,0.12724582850933075,-0.08924227952957153,0.9878483414649963,5.1200175285339355,0,2,0.7562344670295715,0.24652418494224548,0.026336193084716797,0,0.9998197555541992,-0.8266139030456543,-0.005760342814028263,1.5120021998882294e-05
6.699999809265137,0.3430606722831726,0.12718698382377625,-0.0892728865146637,0.9878531098365784,5.12177848815918,0,2,0.7590183019638062,0.23979400098323822,0.026339977979660034,0,0.9998193383216858,-0.8266289234161377,-0.0057607972994446754,1.4705698049510829e-05
6.71999979019165,0.34305042028427124,0.12736770510673523,-0.08929421007633209,0.9878279566764832,5.123004913330078,0,2,0.758653998374939,0.23960112035274506,0.02630755305290222,0,0.9998178482055664,-0.8265806436538696,-0.005756906233727932,1.4800064491282683e-05
6.739999771118164,0.3430442810058594,0.12735217809677124,-0.08928408473730087,0.9878308176994324,5.122422695159912,0,2,0.7555727958679199,0.2465563416481018,0.026292234659194946,0,0.999817430973053,-0.8265465497970581,-0.005755067802965641,1.5295696357497945e-05
6.759999752044678,0.34304431080818176,0.1274230182170868,-0.08928832411766052,0.9878213405609131,5.122665882110596,0,2,0.7568930983543396,0.24375152587890625,0.026314735412597656,0,0.9998170137405396,-0.8265678882598877,-0.005757768172770739,1.5032012015581131e-05
6.779999732971191,0.3430425524711609,0.12730681896209717,-0.0892426148056984,0.9878404140472412,5.120037078857422,0,2,0.75701504945755,0.2421128898859024,0.02631518244743347,0,0.9998173117637634,-0.8265486359596252,-0.005757821723818779,1.4934418686607387e-05
6.799999713897705,0.34303486347198486,0.1271660476922989,-0.08922548592090607,0.9878601431846619,5.119051933288574,0,2,0.7588019371032715,0.24079754948616028,0.026316076517105103,0,0.9998169541358948,-0.8265687227249146,-0.00575792882591486,1.4861147974443156e-05
6.819999694824219,0.34303006529808044,0.12693624198436737,-0.08919127285480499,0.987892746925354,5.117083549499512,0,2,0.7585433721542358,0.24220186471939087,0.02631896734237671,0,0.9998171925544739,-0.8265969753265381,-0.005758275743573904,1.4947998351999559e-05
6.839999675750732,0.3430197834968567,0.12710335850715637,-0.08917894214391708,0.9878723621368408,5.116374492645264,0,2,0.7604748606681824,0.2369316816329956,0.0262945294380188,0,0.9998158812522888,-0.8265808820724487,-0.005755343474447727,1.4702388398291077e-05
6.859999656677246,0.3430144488811493,0.12737776339054108,-0.0891314148902893,0.9878413081169128,5.113639831542969,0,2,0.7565140724182129,0.24533851444721222,0.026264488697052002,0,0.9998148679733276,-0.8265525102615356,-0.005751738324761391,1.532425631012302e-05
6.87999963760376,0.3430193364620209,0.1276170015335083,-0.0890321135520935,0.9878194332122803,5.1079277992248535,0,2,0.7553122639656067,0.2459534853696823,0.026253610849380493,0,0.9998149871826172,-0.826534628868103,-0.005750433076173067,1.5374316717498004e-05
6.899999618530273,0.3430209159851074,0.1277715116739273,-0.08892984688282013,0.9878086447715759,5.102045059204102,0,2,0.7576784491539001,0.24147063493728638,0.02624991536140442,0,0.9998149871826172,-0.8265383243560791,-0.00574998976662755,1.5089381122379564e-05
6.920000076293945,0.34302380681037903,0.12761208415031433,-0.08881542086601257,0.9878395795822144,5.095462322235107,0,2,0.7572646141052246,0.24434711039066315,0.026268720626831055,0,0.9998160004615784,-0.8265807628631592,-0.005752246361225843,1.5193874787655659e-05
6.940000057220459,0.3430270850658417,0.1274624466896057,-0.08873995393514633,0.9878656268119812,5.091121673583984,0,2,0.7606880068778992,0.23895993828773499,0.026310890913009644,0,0.9998168349266052,-0.8266609907150269,-0.005757306702435017,1.4714037206431385e-05
6.960000038146973,0.3430299758911133,0.12740164995193481,-0.08867484331130981,0.9878793358802795,5.087376117706299,0,2,0.7607147097587585,0.23892715573310852,0.02634108066558838,0,0.9998173117637634,-0.8267073631286621,-0.005760929547250271,1.460578823753167e-05
6.980000019073486,0.3430348038673401,0.12724703550338745,-0.08859876543283463,0.9879060983657837,5.083000183105469,0,2,0.7600058317184448,0.24055196344852448,0.02635800838470459,0,0.9998183846473694,-0.8267447352409363,-0.005762960761785507,1.4642741007264704e-05
7.0,0.34303760528564453,0.12729646265506744,-0.08855162560939789,0.9879039525985718,5.080288410186768,0,2,0.7609454393386841,0.23804479837417603,0.026364415884017944,0,0.9998184442520142,-0.8267648220062256,-0.005763729568570852,1.4460608326771762e-05
7.019999980926514,0.34303754568099976,0.12706734240055084,-0.08848056197166443,0.9879398345947266,5.07620096206665,0,2,0.7604108452796936,0.23969604074954987,0.026350080966949463,0,0.9998193383216858,-0.8267690539360046,-0.0057620094157755375,1.4613474377256352e-05
7.039999961853027,0.3430352509021759,0.1273336112499237,-0.08848439157009125,0.9879052042961121,5.07642126083374,0,2,0.7614843845367432,0.23755593597888947,0.02634766697883606,0,0.9998182654380798,-0.8267785310745239,-0.005761719774454832,1.4471160284301732e-05
7.059999942779541,0.3430403470993042,0.1271890550851822,-0.08842334896326065,0.9879292845726013,5.072909832000732,0,2,0.7584468722343445,0.243829607963562,0.02634945511817932,0,0.9998193979263306,-0.8267720341682434,-0.005761934444308281,1.4849198123556562e-05
7.079999923706055,0.3430449962615967,0.12737450003623962,-0.08840886503458023,0.9879066944122314,5.072076797485352,0,2,0.7607762217521667,0.23783466219902039,0.02635762095451355,0,0.9998191595077515,-0.8267812728881836,-0.005762914195656776,1.4437612662732136e-05
7.099999904632568,0.3430478870868683,0.12721633911132812,-0.08836273849010468,0.9879311919212341,5.069423198699951,0,2,0.7595827579498291,0.24107106029987335,0.026356369256973267,0,0.9998199939727783,-0.8267677426338196,-0.005762764252722263,1.464290835428983e-05
7.119999885559082,0.3430473208427429,0.1271199733018875,-0.08836904168128967,0.9879430532455444,5.069786548614502,0,2,0.7609122395515442,0.23844829201698303,0.02637028694152832,0,0.9998199939727783,-0.8267768621444702,-0.005764434114098549,1.4443094187299721e-05
7.139999866485596,0.34304726123809814,0.12686841189861298,-0.08837439864873886,0.9879748821258545,5.070094585418701,0,2,0.7612037658691406,0.23937973380088806,0.026381194591522217,0,0.9998205900192261,-0.8268063068389893,-0.005765743087977171,1.44676041600178e-05
7.159999847412109,0.3430437445640564,0.12697623670101166,-0.0883902907371521,0.987959623336792,5.071008682250977,0,2,0.7618248462677002,0.23597188293933868,0.02635800838470459,0,0.9998199343681335,-0.8267741203308105,-0.005762960761785507,1.4338962500914931e-05
7.179999828338623,0.34303805232048035,0.12712833285331726,-0.08841640502214432,0.9879376888275146,5.072510719299316,0,2,0.7601234316825867,0.24039427936077118,0.02633264660835266,0,0.9998189210891724,-0.8267313241958618,-0.005759917199611664,1.4697919141326565e-05
7.199999809265137,0.34304168820381165,0.12720032036304474,-0.08841410279273987,0.9879286289215088,5.072377681732178,0,2,0.7570759057998657,0.24489769339561462,0.026331037282943726,0,0.9998190999031067,-0.826706051826477,-0.005759724415838718,1.4969178664614446e-05
7.21999979019165,0.34304216504096985,0.12724776566028595,-0.08840429782867432,0.9879234433174133,5.071814060211182,0,2,0.7599818706512451,0.23843759298324585,0.026319116353988647,0,0.9998189806938171,-0.8266910314559937,-0.005758293904364109,1.4607863704441115e-05
7.239999771118164,0.3430373966693878,0.12726502120494843,-0.0883922129869461,0.9879222512245178,5.0711188316345215,0,2,0.7597575783729553,0.2398579865694046,0.0262947678565979,0,0.9998186230659485,-0.8266656398773193,-0.005755371879786253,1.4780821402382571e-05
7.259999752044678,0.34303441643714905,0.12725479900836945,-0.08841049671173096,0.987921953201294,5.072170734405518,0,2,0.7596899271011353,0.2413690984249115,0.026306450366973877,0,0.9998183250427246,-0.8266726136207581,-0.005756773985922337,1.4835965885140467e-05
7.279999732971191,0.3430367708206177,0.1271437555551529,-0.08840644359588623,0.9879366159439087,5.071937561035156,0,2,0.7595969438552856,0.2410193383693695,0.02632087469100952,0,0.9998188018798828,-0.8266958594322205,-0.0057585048489272594,1.4763595572730992e-05
7.299999713897705,0.34303587675094604,0.12737688422203064,-0.0884004682302475,0.9879071116447449,5.071593761444092,0,2,0.7606552839279175,0.23728610575199127,0.026298880577087402,0,0.9998181462287903,-0.826673150062561,-0.005755865480750799,1.4589359125238843e-05
7.319999694824219,0.34303194284439087,0.12737500667572021,-0.08836434781551361,0.9879106283187866,5.069516181945801,0,2,0.7593259215354919,0.2412373125553131,0.026263773441314697,0,0.9998180866241455,-0.826638400554657,-0.005751652643084526,1.4965142327127978e-05
7.339999675750732,0.3430314064025879,0.1275939792394638,-0.08837510645389557,0.9878813624382019,5.070135116577148,0,2,0.7591346502304077,0.24160432815551758,0.026268213987350464,0,0.9998173713684082,-0.82664555311203,-0.005752185359597206,1.495413926022593e-05
7.359999656677246,0.34303590655326843,0.12766267359256744,-0.08834788203239441,0.9878749251365662,5.068569183349609,0,2,0.7582829594612122,0.24247564375400543,0.026279717683792114,0,0.9998176693916321,-0.8266459107398987,-0.0057535660453140736,1.4958643077989109e-05
7.37999963760376,0.3430413603782654,0.127685084939003,-0.08830397576093674,0.9878759384155273,5.066043376922607,0,2,0.7592704892158508,0.24063870310783386,0.026283830404281616,0,0.9998182654380798,-0.8266624808311462,-0.00575405964627862,1.4817310329817701e-05
7.399999618530273,0.3430439233779907,0.12756316363811493,-0.0882650762796402,0.9878951907157898,5.063806056976318,0,2,0.7609238624572754,0.238823801279068,0.026286959648132324,0,0.9998189210891724,-0.8266874551773071,-0.00575443496927619,1.4692831427964848e-05
7.419999599456787,0.3430410921573639,0.12753164768218994,-0.08827708661556244,0.9878981709480286,5.0644965171813965,0,2,0.7617007493972778,0.23737119138240814,0.026296764612197876,0,0.999818742275238,-0.8266987800598145,-0.0057556116953492165,1.4574850865756162e-05
7.440000057220459,0.34304338693618774,0.12747177481651306,-0.0882904902100563,0.9879047274589539,5.065267562866211,0,2,0.7600258588790894,0.2416103482246399,0.026314765214920044,0,0.9998190402984619,-0.8267342448234558,-0.00575777143239975,1.4768424080102704e-05
7.460000038146973,0.34304946660995483,0.1276789903640747,-0.08828087896108627,0.9878787994384766,5.0647149085998535,0,2,0.760198712348938,0.23874308168888092,0.026308178901672363,0,0.9998190999031067,-0.8267241716384888,-0.0057569812051951885,1.4591098988603335e-05
7.480000019073486,0.3430493175983429,0.12773241102695465,-0.08826130628585815,0.9878736734390259,5.063589096069336,0,2,0.7603477835655212,0.23899686336517334,0.02628272771835327,0,0.9998190999031067,-0.826689600944519,-0.005753926932811737,1.4694717719976325e-05
7.5,0.34305140376091003,0.12767884135246277,-0.08827180415391922,0.9878796339035034,5.064193248748779,0,2,0.7591379880905151,0.24254624545574188,0.0262925922870636,0,0.9998193979263306,-0.8267055749893188,-0.005755110643804073,1.487329245719593e-05
7.519999980926514,0.34305477142333984,0.12772579491138458,-0.08830728381872177,0.9878703951835632,5.0662336349487305,0,2,0.760391116142273,0.239050030708313,0.02631959319114685,0,0.9998193383216858,-0.8267197608947754,-0.005758351180702448,1.4557699614670128e-05
7.539999961853027,0.3430580198764801,0.1276606321334839,-0.08832705765962601,0.9878770709037781,5.067371368408203,0,2,0.759649395942688,0.24056412279605865,0.02633526921272278,0,0.9998197555541992,-0.8267202377319336,-0.005760231986641884,1.4594977983506396e-05
7.559999942779541,0.3430625796318054,0.12741456925868988,-0.0883433073759079,0.9879074096679688,5.068305969238281,0,2,0.7601999640464783,0.2403772473335266,0.026352137327194214,0,0.9998207092285156,-0.8267455697059631,-0.005762256216257811,1.4526041923090816e-05
7.579999923706055,0.3430580794811249,0.12729984521865845,-0.088406503200531,0.9879165291786194,5.071940898895264,0,2,0.7625240683555603,0.23503702878952026,0.02635347843170166,0,0.999820351600647,-0.8267367482185364,-0.005762417335063219,1.4215396731742658e-05
7.599999904632568,0.34304994344711304,0.12708158791065216,-0.08847671747207642,0.9879383444786072,5.075979709625244,0,2,0.7607540488243103,0.23973824083805084,0.02633991837501526,0,0.9998199939727783,-0.8267266154289246,-0.0057607898488640785,1.4563504009856842e-05
7.619999885559082,0.343046098947525,0.12734933197498322,-0.088560551404953,0.9878963232040405,5.080801963806152,0,2,0.7600862383842468,0.2394576221704483,0.026319682598114014,0,0.999818742275238,-0.8267009258270264,-0.005758361890912056,1.4600201211578678e-05
7.639999866485596,0.3430422842502594,0.1274782121181488,-0.08857142925262451,0.9878787398338318,5.081428050994873,0,2,0.7587616443634033,0.24079935252666473,0.026264548301696777,0,0.9998182058334351,-0.8266229629516602,-0.005751745775341988,1.4879241462040227e-05
7.659999847412109,0.34303757548332214,0.12790992856025696,-0.0886153131723404,0.9878190159797668,5.083951950073242,0,2,0.7579149603843689,0.24212804436683655,0.026228636503219604,0,0.9998165369033813,-0.8265676498413086,-0.0057474360801279545,1.50532341649523e-05
7.679999828338623,0.3430402874946594,0.1278718113899231,-0.0885968953371048,0.9878255724906921,5.082892417907715,0,2,0.7559683918952942,0.2464761883020401,0.02622300386428833,0,0.9998170733451843,-0.826545774936676,-0.005746760405600071,1.5351441106759012e-05
7.699999809265137,0.34304094314575195,0.12814855575561523,-0.08861978352069855,0.987787663936615,5.084208965301514,0,2,0.7590541243553162,0.23921485245227814,0.026233136653900146,0,0.9998162984848022,-0.8265475034713745,-0.0057479762472212315,1.4835440197202843e-05
7.71999979019165,0.3430437743663788,0.12793642282485962,-0.08858657628297806,0.9878181219100952,5.08229923248291,0,2,0.7577930688858032,0.244140625,0.026244699954986572,0,0.9998173117637634,-0.8265631794929504,-0.0057493639178574085,1.5105885722732637e-05
7.739999771118164,0.34304535388946533,0.1279229372739792,-0.08860033750534058,0.9878186583518982,5.083090782165527,0,2,0.7604008913040161,0.23841965198516846,0.026269137859344482,0,0.999817430973053,-0.8265973329544067,-0.005752296186983585,1.4671686585643329e-05
7.759999752044678,0.34304389357566833,0.12778718769550323,-0.08861593902111053,0.9878348112106323,5.083988189697266,0,2,0.7603411674499512,0.23965466022491455,0.026282817125320435,0,0.9998176097869873,-0.8266197443008423,-0.005753937643021345,1.4706947695231065e-05
7.779999732971191,0.3430439531803131,0.1279006004333496,-0.08864569664001465,0.9878174662590027,5.085699558258057,0,2,0.7590321898460388,0.24080753326416016,0.026290982961654663,0,0.9998172521591187,-0.8266202211380005,-0.005754917860031128,1.4741267477802467e-05
7.799999713897705,0.3430461883544922,0.12791486084461212,-0.08866395056247711,0.9878140091896057,5.08674955368042,0,2,0.7586327195167542,0.24211165308952332,0.02630394697189331,0,0.9998173117637634,-0.8266268968582153,-0.005756473634392023,1.4772316717426293e-05
7.819999694824219,0.34304940700531006,0.1278458535671234,-0.08867646008729935,0.9878218173980713,5.087469100952148,0,2,0.7581604719161987,0.2419462352991104,0.026321321725845337,0,0.9998176693916321,-0.8266289830207825,-0.0057585583999753,1.469930157327326e-05
7.839999675750732,0.3430486023426056,0.1275816708803177,-0.08871248364448547,0.9878527522087097,5.089541435241699,0,2,0.759945273399353,0.23991063237190247,0.026347368955612183,0,0.9998180866241455,-0.8266598582267761,-0.005761683918535709,1.4494178685708903e-05
7.859999656677246,0.3430456817150116,0.1273009032011032,-0.08876553922891617,0.9878841638565063,5.092593193054199,0,2,0.7603878974914551,0.23921678960323334,0.02636769413948059,0,0.9998183250427246,-0.8266855478286743,-0.005764123052358627,1.4401071894099005e-05
7.87999963760376,0.34303855895996094,0.12714079022407532,-0.08883985877037048,0.9878981113433838,5.096868515014648,0,2,0.7613523602485657,0.2374996393918991,0.026369065046310425,0,0.9998177886009216,-0.8266890048980713,-0.005764287430793047,1.4313334759208374e-05
7.899999618530273,0.3430311381816864,0.12716937065124512,-0.08891106396913528,0.9878880381584167,5.100964069366455,0,2,0.759510338306427,0.240255206823349,0.02635011076927185,0,0.9998168349266052,-0.8266552686691284,-0.005762013141065836,1.4553722394339275e-05
7.919999599456787,0.3430255353450775,0.1272830367088318,-0.08896231651306152,0.9878687858581543,5.103912830352783,0,2,0.7578497529029846,0.24228742718696594,0.026324093341827393,0,0.9998159408569336,-0.8266026377677917,-0.0057588908821344376,1.4768207620363683e-05
7.940000057220459,0.3430199921131134,0.12735997140407562,-0.08898435533046722,0.9878568649291992,5.105180263519287,0,2,0.7573718428611755,0.24253913760185242,0.026290923357009888,0,0.9998151659965515,-0.8265553712844849,-0.005754910409450531,1.4900053429300897e-05
7.960000038146973,0.34301304817199707,0.12755736708641052,-0.08900634944438934,0.9878294467926025,5.1064453125,0,2,0.7574335932731628,0.24222500622272491,0.02626517415046692,0,0.9998139142990112,-0.8265118598937988,-0.005751820746809244,1.4962463865231257e-05
7.980000019073486,0.3430086374282837,0.1275424212217331,-0.08900484442710876,0.9878314733505249,5.106359004974365,0,2,0.7567375302314758,0.24447055160999298,0.026262134313583374,0,0.9998136758804321,-0.8264955282211304,-0.005751455668359995,1.511988193669822e-05
8.0,0.34300827980041504,0.12757277488708496,-0.08900120109319687,0.9878278970718384,5.106149196624756,0,2,0.757495105266571,0.24290385842323303,0.026277810335159302,0,0.9998134970664978,-0.8265130519866943,-0.005753336939960718,1.4962996829126496e-05
8.019999504089355,0.34300652146339417,0.1275741457939148,-0.088976189494133,0.9878299832344055,5.104710578918457,0,2,0.7581992149353027,0.24111022055149078,0.026282459497451782,0,0.9998133778572083,-0.8265092372894287,-0.005753894802182913,1.4836717127764132e-05
8.039999961853027,0.34300291538238525,0.12751053273677826,-0.08895790576934814,0.9878398180007935,5.103658676147461,0,2,0.758094072341919,0.24218149483203888,0.02629232406616211,0,0.9998132586479187,-0.8265184760093689,-0.005755078513175249,1.4873596228426322e-05
8.059999465942383,0.3430021107196808,0.1272890865802765,-0.08892672508955002,0.9878712296485901,5.101865768432617,0,2,0.7584294080734253,0.24240952730178833,0.026308953762054443,0,0.9998137950897217,-0.8265606760978699,-0.00575707433745265,1.4833902241662145e-05
8.079999923706055,0.3429967164993286,0.12739938497543335,-0.08891338109970093,0.9878581762313843,5.101097583770752,0,2,0.7603804469108582,0.23737379908561707,0.02630174160003662,0,0.9998130202293396,-0.8265644311904907,-0.005756208673119545,1.4548348190146498e-05
8.09999942779541,0.34299176931381226,0.12733854353427887,-0.08886672556400299,0.9878702163696289,5.098414421081543,0,2,0.7584590911865234,0.24277150630950928,0.026282936334609985,0,0.9998129606246948,-0.8265641331672668,-0.005753952078521252,1.4954521248000674e-05
8.119999885559082,0.34299254417419434,0.12757931649684906,-0.08883500844240189,0.9878420233726501,5.096590042114258,0,2,0.7583900094032288,0.24188141524791718,0.026282310485839844,0,0.9998124837875366,-0.8265764713287354,-0.005753877107053995,1.4879156879032962e-05
8.139999389648438,0.34299400448799133,0.1276475042104721,-0.08876046538352966,0.987839937210083,5.092301845550537,0,2,0.7581137418746948,0.2418758124113083,0.026272833347320557,0,0.9998127222061157,-0.8265655040740967,-0.00575273996219039,1.4907993318047374e-05
8.15999984741211,0.3429964482784271,0.12775133550167084,-0.08869484066963196,0.9878323674201965,5.088526725769043,0,2,0.7581558227539062,0.24237002432346344,0.026275604963302612,0,0.9998128414154053,-0.8265841007232666,-0.005753072444349527,1.4912917322362773e-05
8.179999351501465,0.34300151467323303,0.12768296897411346,-0.08862285315990448,0.9878476858139038,5.084385871887207,0,2,0.7588869333267212,0.2418697625398636,0.026298433542251587,0,0.9998136162757874,-0.8266189694404602,-0.005755811929702759,1.4794503840676043e-05
8.199999809265137,0.3430044651031494,0.127457395195961,-0.08855383098125458,0.9878830313682556,5.08041524887085,0,2,0.76070636510849,0.23875048756599426,0.02631548047065735,0,0.9998146891593933,-0.8266637921333313,-0.005757857579737902,1.4547855244018137e-05
8.220000267028809,0.3430049419403076,0.12747089564800262,-0.08852014690637589,0.9878842830657959,5.07847785949707,0,2,0.7618247866630554,0.23749572038650513,0.0263211727142334,0,0.9998147487640381,-0.8267046213150024,-0.005758540704846382,1.4450031812884845e-05
8.239999771118164,0.3430059552192688,0.1274333894252777,-0.0884593278169632,0.987894594669342,5.074979305267334,0,2,0.760753333568573,0.23919829726219177,0.026303797960281372,0,0.9998152256011963,-0.8267000913619995,-0.005756455473601818,1.4612165614380501e-05
8.260000228881836,0.3430067300796509,0.12774991989135742,-0.08843884617090225,0.9878554940223694,5.073801517486572,0,2,0.760782778263092,0.23880472779273987,0.026288509368896484,0,0.9998145699501038,-0.8266981840133667,-0.005754620768129826,1.4610519428970292e-05
8.279999732971191,0.3430144190788269,0.12786033749580383,-0.08836039900779724,0.9878482818603516,5.069288730621338,0,2,0.7579740285873413,0.243681401014328,0.026272356510162354,0,0.9998152852058411,-0.8266806602478027,-0.005752682685852051,1.4953596291888971e-05
8.300000190734863,0.34302055835723877,0.12814229726791382,-0.08831559121608734,0.9878157377243042,5.066711902618408,0,2,0.7599408030509949,0.23907127976417542,0.026270925998687744,0,0.9998152256011963,-0.8266767263412476,-0.005752510856837034,1.4641786037827842e-05
8.319999694824219,0.3430294096469879,0.12798045575618744,-0.08824922144412994,0.9878426194190979,5.062894344329834,0,2,0.7589094638824463,0.24313664436340332,0.0262906551361084,0,0.9998167157173157,-0.8267045021057129,-0.005754878278821707,1.4814032510912511e-05
8.34000015258789,0.3430373966693878,0.1279006004333496,-0.08823366463184357,0.9878543615341187,5.0619988441467285,0,2,0.7616351842880249,0.2374713122844696,0.026328742504119873,0,0.9998176097869873,-0.8267518877983093,-0.005759448744356632,1.4338247638079338e-05
8.359999656677246,0.3430415391921997,0.12761852145195007,-0.08822570741176605,0.9878915548324585,5.0615410804748535,0,2,0.7625428438186646,0.2372412234544754,0.026349812746047974,0,0.999818742275238,-0.8267927169799805,-0.005761977285146713,1.4256461327022407e-05
8.380000114440918,0.3430434763431549,0.12767250835895538,-0.08826608955860138,0.9878810048103333,5.063864231109619,0,2,0.7622129321098328,0.23678600788116455,0.0263594388961792,0,0.9998185038566589,-0.8267966508865356,-0.005763132590800524,1.4196896700013895e-05
8.399999618530273,0.3430453836917877,0.12757627665996552,-0.0883038192987442,0.9878900647163391,5.066034317016602,0,2,0.7608787417411804,0.23970092833042145,0.026362597942352295,0,0.9998188614845276,-0.8267865777015686,-0.005763511639088392,1.4365336937771644e-05
8.420000076293945,0.3430485129356384,0.12763048708438873,-0.08835381269454956,0.9878785610198975,5.068910121917725,0,2,0.7600427269935608,0.23970361053943634,0.026359885931015015,0,0.9998188018798828,-0.8267697095870972,-0.005763186141848564,1.4367943549586926e-05
8.4399995803833,0.3430475890636444,0.12753185629844666,-0.08839066326618195,0.9878880381584167,5.0710296630859375,0,2,0.760783851146698,0.23852236568927765,0.026338249444961548,0,0.9998189210891724,-0.8267419934272766,-0.005760589614510536,1.4375290447787847e-05
8.460000038146973,0.3430423438549042,0.1276463121175766,-0.0884704515337944,0.9878661036491394,5.075619220733643,0,2,0.7607068419456482,0.23854853212833405,0.026320666074752808,0,0.9998179078102112,-0.8267059922218323,-0.005758479703217745,1.4434362128667999e-05
8.479999542236328,0.3430413603782654,0.12757575511932373,-0.08854059875011444,0.9878689050674438,5.079654216766357,0,2,0.7588872909545898,0.24275396764278412,0.026323974132537842,0,0.9998178482055664,-0.8266883492469788,-0.005758876446634531,1.4684509551443625e-05
8.5,0.3430425524711609,0.12776511907577515,-0.08862137794494629,0.9878371953964233,5.084300994873047,0,2,0.7589955925941467,0.24018314480781555,0.026329338550567627,0,0.9998170733451843,-0.8266587257385254,-0.005759520456194878,1.4496710718958639e-05
8.519999504089355,0.34304186701774597,0.12758377194404602,-0.08865267038345337,0.9878578186035156,5.086101055145264,0,2,0.7584013938903809,0.2419397383928299,0.026316195726394653,0,0.999817430973053,-0.8266247510910034,-0.005757943261414766,1.4660086890216917e-05
8.539999961853027,0.3430355191230774,0.12758025527000427,-0.08872978389263153,0.9878513813018799,5.090536594390869,0,2,0.7600640654563904,0.23863476514816284,0.02630668878555298,0,0.9998166561126709,-0.8266063928604126,-0.005756802391260862,1.4501367331831716e-05
8.559999465942383,0.3430269658565521,0.1273958384990692,-0.08879716694355011,0.9878690838813782,5.094412803649902,0,2,0.7595840096473694,0.24073906242847443,0.026294738054275513,0,0.9998162388801575,-0.8265901803970337,-0.0057553681544959545,1.46888569361181e-05
8.579999923706055,0.34301990270614624,0.12773461639881134,-0.08889569342136383,0.9878165125846863,5.1000800132751465,0,2,0.7588894367218018,0.24030838906764984,0.02628430724143982,0,0.9998143315315247,-0.826556384563446,-0.005754116456955671,1.467827405576827e-05
8.59999942779541,0.34301987290382385,0.127797469496727,-0.08891589194536209,0.9878065586090088,5.1012420654296875,0,2,0.75591641664505,0.2459949404001236,0.026271581649780273,0,0.9998142123222351,-0.8265131711959839,-0.005752589553594589,1.5084104234119877e-05
8.619999885559082,0.3430199921131134,0.1280032992362976,-0.0889471173286438,0.987777054309845,5.103038311004639,0,2,0.7567773461341858,0.24249520897865295,0.02627357840538025,0,0.9998135566711426,-0.826485276222229,-0.005752829369157553,1.4844897123111878e-05
8.639999389648438,0.34301725029945374,0.12767073512077332,-0.08895119279623032,0.9878197312355042,5.103272914886475,0,2,0.7572286128997803,0.24378134310245514,0.02628803253173828,0,0.9998141527175903,-0.8264955878257751,-0.005754563491791487,1.488374709879281e-05
8.65999984741211,0.3430112600326538,0.12753167748451233,-0.08900688588619232,0.9878327250480652,5.106476306915283,0,2,0.7595895528793335,0.23932230472564697,0.02631533145904541,0,0.9998136758804321,-0.8265334963798523,-0.005757839418947697,1.4541536074830219e-05
8.679999351501465,0.34300458431243896,0.12725551426410675,-0.08904082328081131,0.9878652691841125,5.108428955078125,0,2,0.7598742842674255,0.24025504291057587,0.026325762271881104,0,0.9998137354850769,-0.8265597224235535,-0.00575909111648798,1.4580698916688561e-05
8.699999809265137,0.3429977595806122,0.12743805348873138,-0.08909382671117783,0.9878369569778442,5.111477851867676,0,2,0.7592605948448181,0.2395520955324173,0.02631893754005432,0,0.9998124241828918,-0.8265421390533447,-0.005758272483944893,1.4560068848368246e-05
8.720000267028809,0.34299367666244507,0.12735356390476227,-0.08909018337726593,0.987848162651062,5.111268520355225,0,2,0.7570794224739075,0.24423083662986755,0.026300162076950073,0,0.9998123049736023,-0.8265194892883301,-0.005756019148975611,1.4924941751814913e-05
8.739999771118164,0.34298890829086304,0.12766116857528687,-0.08910626173019409,0.987807035446167,5.1121931076049805,0,2,0.7574287056922913,0.24132567644119263,0.026282578706741333,0,0.9998109340667725,-0.8264882564544678,-0.005753909237682819,1.4784292943659239e-05
8.760000228881836,0.34298452734947205,0.1275509148836136,-0.08907125890254974,0.9878244400024414,5.110179901123047,0,2,0.7564733028411865,0.24491649866104126,0.0262717604637146,0,0.9998109936714172,-0.8264738321304321,-0.005752610974013805,1.505972795712296e-05
8.779999732971191,0.3429831862449646,0.12763772904872894,-0.08906369656324387,0.9878138899803162,5.109744548797607,0,2,0.7576097249984741,0.24249452352523804,0.02629011869430542,0,0.9998105764389038,-0.8264991044998169,-0.005754814017564058,1.4841024494671728e-05
8.800000190734863,0.3429832458496094,0.127373605966568,-0.08901244401931763,0.9878525733947754,5.1067962646484375,0,2,0.7584193348884583,0.242142915725708,0.02630603313446045,0,0.9998114705085754,-0.8265298008918762,-0.005756723694503307,1.4769992958463263e-05
8.819999694824219,0.34297916293144226,0.1274234652519226,-0.0889955684542656,0.9878476858139038,5.105825424194336,0,2,0.7599365711212158,0.23839245736598969,0.02630940079689026,0,0.9998109340667725,-0.826545774936676,-0.0057571278885006905,1.453500590287149e-05
8.84000015258789,0.342975914478302,0.1273752748966217,-0.08896654099225998,0.9878565073013306,5.104156017303467,0,2,0.7584070563316345,0.24266576766967773,0.026314586400985718,0,0.9998108148574829,-0.8265534043312073,-0.005757750011980534,1.4784936865908094e-05
8.859999656677246,0.34297654032707214,0.12738656997680664,-0.08892814815044403,0.9878585338592529,5.10194730758667,0,2,0.7579241991043091,0.2422894984483719,0.026323556900024414,0,0.9998109340667725,-0.8265635967254639,-0.005758826620876789,1.4727466805197764e-05
8.880000114440918,0.3429763913154602,0.12737853825092316,-0.0888756811618805,0.9878642559051514,5.098928928375244,0,2,0.7589868903160095,0.24071557819843292,0.0263216495513916,0,0.999811053276062,-0.8265793323516846,-0.005758597515523434,1.4635221305070445e-05
8.899999618530273,0.3429742753505707,0.1273714005947113,-0.08881765604019165,0.9878703951835632,5.095591068267822,0,2,0.7589096426963806,0.24071148037910461,0.02631363272666931,0,0.9998109936714172,-0.8265758156776428,-0.005757635924965143,1.4662827197753359e-05
8.920000076293945,0.34297242760658264,0.12718811631202698,-0.08876658976078033,0.987898588180542,5.092653751373291,0,2,0.7597444653511047,0.24109512567520142,0.0263194739818573,0,0.9998114705085754,-0.8266151547431946,-0.005758336745202541,1.4670597920485307e-05
8.9399995803833,0.34297215938568115,0.1273086816072464,-0.088722825050354,0.9878870248794556,5.090136528015137,0,2,0.7602944374084473,0.2388058453798294,0.02631443738937378,0,0.9998112916946411,-0.8266315460205078,-0.005757732316851616,1.4539762560161762e-05
8.960000038146973,0.34297049045562744,0.1275312304496765,-0.08866611123085022,0.9878634214401245,5.086874485015869,0,2,0.7594587206840515,0.24012941122055054,0.02629449963569641,0,0.9998107552528381,-0.8266041278839111,-0.005755339749157429,1.4677435501653235e-05
8.979999542236328,0.34297630190849304,0.127602219581604,-0.08858989179134369,0.9878610968589783,5.082489490509033,0,2,0.7572076320648193,0.24515758454799652,0.026300638914108276,0,0.9998112916946411,-0.8266155123710632,-0.00575607642531395,1.4950218428566586e-05
9.0,0.3429844081401825,0.12755170464515686,-0.08849838376045227,0.9878758192062378,5.077226161956787,0,2,0.7593399882316589,0.2402857393026352,0.026312589645385742,0,0.9998124241828918,-0.8266446590423584,-0.005757510662078857,1.4599791029468179e-05
9.019999504089355,0.34298309683799744,0.12751056253910065,-0.08842750638723373,0.987887442111969,5.07314920425415,0,2,0.7617784142494202,0.2363670915365219,0.026301950216293335,0,0.999812662601471,-0.8266575336456299,-0.00575623381882906,1.4398424355022144e-05
9.039999961853027,0.34298354387283325,0.12747567892074585,-0.08838444948196411,0.9878957867622375,5.070672512054443,0,2,0.7605839967727661,0.24095574021339417,0.02631145715713501,0,0.9998129606246948,-0.8266919851303101,-0.0057573746889829636,1.464343677071156e-05
9.059999465942383,0.342990517616272,0.1275428682565689,-0.08834567666053772,0.9878906011581421,5.068441867828369,0,2,0.7605307102203369,0.23981690406799316,0.02633383870124817,0,0.999813437461853,-0.8267202973365784,-0.005760060623288155,1.4484275197901297e-05
9.079999923706055,0.3429972231388092,0.12757550179958344,-0.08827733993530273,0.9878925085067749,5.064511299133301,0,2,0.7606187462806702,0.2387811839580536,0.02632424235343933,0,0.9998142123222351,-0.8267239332199097,-0.0057589090429246426,1.4442596693697851e-05
9.09999942779541,0.343000203371048,0.12775999307632446,-0.08823075890541077,0.987872838973999,5.061831951141357,0,2,0.760722279548645,0.23863676190376282,0.026306509971618652,0,0.9998141527175903,-0.8267091512680054,-0.005756780970841646,1.4475302123173606e-05
9.119999885559082,0.34300345182418823,0.12759655714035034,-0.088186115026474,0.9878979325294495,5.059263706207275,0,2,0.7602740526199341,0.24100756645202637,0.026310771703720093,0,0.999815046787262,-0.8267211318016052,-0.00575729226693511,1.4605159776692744e-05
9.139999389648438,0.34300872683525085,0.12774904072284698,-0.08819961547851562,0.9878770112991333,5.0600409507751465,0,2,0.7612840533256531,0.23841407895088196,0.02633759379386902,0,0.9998149871826172,-0.8267556428909302,-0.005760510917752981,1.4341038877319079e-05
9.15999984741211,0.343016654253006,0.12760062515735626,-0.08815760910511017,0.9878999590873718,5.057624816894531,0,2,0.7603105902671814,0.24027761816978455,0.02634301781654358,0,0.9998162388801575,-0.8267590403556824,-0.005761161912232637,1.4432304851652589e-05
9.179999351501465,0.343019962310791,0.1276787370443344,-0.08816805481910706,0.9878889322280884,5.058225631713867,0,2,0.7621427774429321,0.23648859560489655,0.02634495496749878,0,0.9998162388801575,-0.8267632722854614,-0.005761394277215004,1.419154887116747e-05
9.199999809265137,0.3430219292640686,0.1274033635854721,-0.088168665766716,0.9879243969917297,5.058260440826416,0,2,0.7610745429992676,0.23986269533634186,0.026345670223236084,0,0.9998172521591187,-0.8267674446105957,-0.005761480424553156,1.4396768165170215e-05
9.220000267028809,0.3430202603340149,0.1275796890258789,-0.08823779225349426,0.9878954887390137,5.062236785888672,0,2,0.7622543573379517,0.23596303164958954,0.02634599804878235,0,0.9998162984848022,-0.8267591595649719,-0.00576151954010129,1.4155722965369932e-05
9.239999771118164,0.34302225708961487,0.1275632083415985,-0.08826611936092377,0.9878950715065002,5.063866138458252,0,2,0.7595642805099487,0.24197128415107727,0.026337265968322754,0,0.9998164772987366,-0.8267360329627991,-0.005760471802204847,1.4552325410477351e-05
9.260000228881836,0.3430261015892029,0.12767228484153748,-0.08829551935195923,0.9878783822059631,5.06555700302124,0,2,0.7599096894264221,0.2395082265138626,0.026326864957809448,0,0.9998164772987366,-0.8267098665237427,-0.005759223364293575,1.442806842533173e-05
9.279999732971191,0.3430245518684387,0.12762607634067535,-0.08833016455173492,0.9878812432289124,5.067549705505371,0,2,0.7607371807098389,0.23874874413013458,0.026311010122299194,0,0.999816358089447,-0.82668536901474,-0.005757321137934923,1.4441329767578281e-05
9.300000190734863,0.3430217504501343,0.1276310831308365,-0.08838506042957306,0.9878756999969482,5.070707321166992,0,2,0.7598478198051453,0.24023330211639404,0.026302725076675415,0,0.9998160004615784,-0.8266638517379761,-0.005756326951086521,1.456227164453594e-05
9.319999694824219,0.34302058815956116,0.1277494728565216,-0.0884580910205841,0.9878538846969604,5.074908256530762,0,2,0.7599198818206787,0.24030518531799316,0.026308834552764893,0,0.9998154044151306,-0.8266543745994568,-0.0057570599019527435,1.4540142728947103e-05
9.34000015258789,0.3430233895778656,0.1277046650648117,-0.08848081529140472,0.9878576397895813,5.076215744018555,0,2,0.7584633827209473,0.24210229516029358,0.026302486658096313,0,0.9998157024383545,-0.8266310095787048,-0.005756298080086708,1.4671516510134097e-05
9.359999656677246,0.3430213928222656,0.12786464393138885,-0.08853872120380402,0.987831711769104,5.0795464515686035,0,2,0.7601807117462158,0.23841197788715363,0.026295006275177002,0,0.9998149275779724,-0.8266075253486633,-0.005755400750786066,1.4463402294495609e-05
9.380000114440918,0.34301915764808655,0.1276039332151413,-0.08856085687875748,0.9878634810447693,5.080819606781006,0,2,0.7585378885269165,0.24272628128528595,0.02628740668296814,0,0.9998154640197754,-0.8265936970710754,-0.00575448852032423,1.4763793842575978e-05
9.399999618530273,0.3430147171020508,0.127840057015419,-0.08865469694137573,0.9878244996070862,5.086217403411865,0,2,0.7604642510414124,0.23807057738304138,0.02629542350769043,0,0.9998140335083008,-0.8265941739082336,-0.005755450576543808,1.4443167856370565e-05
9.420000076293945,0.34301403164863586,0.1276838779449463,-0.08867126703262329,0.9878432154655457,5.087170600891113,0,2,0.7578836679458618,0.2436252385377884,0.026287227869033813,0,0.9998144507408142,-0.8265734910964966,-0.005754467099905014,1.4825321159150917e-05
9.4399995803833,0.34301266074180603,0.1279054880142212,-0.08872412145137787,0.9878097772598267,5.090210914611816,0,2,0.7594335079193115,0.23930862545967102,0.026281774044036865,0,0.9998135566711426,-0.8265636563301086,-0.005753812845796347,1.4566702702722978e-05
9.460000038146973,0.3430103361606598,0.127822145819664,-0.0887424647808075,0.9878189563751221,5.091265678405762,0,2,0.7582207322120667,0.24252748489379883,0.026274293661117554,0,0.9998136162757874,-0.8265410661697388,-0.005752915050834417,1.4802787518419791e-05
9.479999542236328,0.34300780296325684,0.12786203622817993,-0.08878816664218903,0.9878096580505371,5.093895435333252,0,2,0.7584463357925415,0.24134181439876556,0.026281774044036865,0,0.9998130798339844,-0.8265403509140015,-0.005753812845796347,1.4704816749144811e-05
9.5,0.34300729632377625,0.1278623789548874,-0.08882740139961243,0.9878060817718506,5.096152305603027,0,2,0.7584477663040161,0.24218925833702087,0.02629825472831726,0,0.99981290102005,-0.8265529274940491,-0.005755790509283543,1.4699469829793088e-05
9.519999504089355,0.3430076539516449,0.12779995799064636,-0.08884568512439728,0.9878125190734863,5.097203731536865,0,2,0.7580159902572632,0.2417590320110321,0.026309937238693237,0,0.9998130202293396,-0.8265421390533447,-0.005757192149758339,1.4636967534897849e-05
9.539999961853027,0.3430054783821106,0.1276271939277649,-0.0888882502913475,0.9878310561180115,5.099652290344238,0,2,0.7592350840568542,0.24099019169807434,0.026333212852478027,0,0.9998130798339844,-0.8265689015388489,-0.005759985186159611,1.4519410797220189e-05
9.559999465942383,0.3430030643939972,0.1273353099822998,-0.08891412615776062,0.9878664016723633,5.101140975952148,0,2,0.7590779662132263,0.24072812497615814,0.026344269514083862,0,0.9998134970664978,-0.8265833854675293,-0.005761312320828438,1.4481496691587381e-05
9.579999923706055,0.34299254417419434,0.12735649943351746,-0.0889856368303299,0.9878572225570679,5.105254173278809,0,2,0.7612030506134033,0.23660697042942047,0.026335924863815308,0,0.9998121857643127,-0.8265765905380249,-0.005760310683399439,1.4275046851253137e-05
9.59999942779541,0.342986136674881,0.12724798917770386,-0.08901017904281616,0.9878689646720886,5.10666561126709,0,2,0.7577739953994751,0.24391184747219086,0.026315391063690186,0,0.9998119473457336,-0.8265576362609863,-0.005757846869528294,1.4803040357946884e-05
9.619999885559082,0.342981219291687,0.12755465507507324,-0.08904901891946793,0.9878259301185608,5.10890007019043,0,2,0.7586284279823303,0.24012240767478943,0.02629503607749939,0,0.9998104572296143,-0.8265247344970703,-0.005755404010415077,1.4621770787925925e-05
9.639999389648438,0.3429768979549408,0.1275908499956131,-0.08902381360530853,0.9878235459327698,5.107450008392334,0,2,0.7566664814949036,0.24417094886302948,0.026261210441589355,0,0.9998102188110352,-0.8264797329902649,-0.005751344840973616,1.5001018255134113e-05
9.65999984741211,0.34297457337379456,0.12783631682395935,-0.08901523053646088,0.9877925515174866,5.106956481933594,0,2,0.7569496631622314,0.2431725412607193,0.02625134587287903,0,0.9998093247413635,-0.8264656662940979,-0.005750161129981279,1.4954553989809938e-05
9.679999351501465,0.34297409653663635,0.1276847869157791,-0.08895688503980637,0.9878174066543579,5.10360050201416,0,2,0.7575890421867371,0.24330748617649078,0.026248812675476074,0,0.9998100399971008,-0.8264763355255127,-0.005749857518821955,1.4977749742683955e-05
9.699999809265137,0.3429718613624573,0.1278979331254959,-0.0889364629983902,0.9877917170524597,5.102425575256348,0,2,0.7592007517814636,0.23959462344646454,0.026252031326293945,0,0.9998092651367188,-0.8264902830123901,-0.005750243552029133,1.4722866580996197e-05
9.719999313354492,0.3429732024669647,0.127772256731987,-0.08886833488941193,0.9878140687942505,5.098506450653076,0,2,0.7579841613769531,0.24367941915988922,0.02625700831413269,0,0.9998100399971008,-0.8265104293823242,-0.005750840995460749,1.4961771739763208e-05
9.739999771118164,0.34297606348991394,0.1279715895652771,-0.08882682770490646,0.9877920150756836,5.096118450164795,0,2,0.7591085433959961,0.24003012478351593,0.02626696228981018,0,0.9998098015785217,-0.8265327215194702,-0.005752035416662693,1.4684340385429095e-05
9.760000228881836,0.34297874569892883,0.1278969794511795,-0.0887468159198761,0.987808883190155,5.091516494750977,0,2,0.7587451338768005,0.2418683022260666,0.026264995336532593,0,0.9998106360435486,-0.8265491724014282,-0.005751799326390028,1.4804037164140027e-05
9.779999732971191,0.34298115968704224,0.12807346880435944,-0.08870164304971695,0.987790048122406,5.088918209075928,0,2,0.7592849135398865,0.2402176707983017,0.026272624731063843,0,0.9998104572296143,-0.8265685439109802,-0.005752714816480875,1.4658562577096745e-05
9.800000190734863,0.3429867923259735,0.12794819474220276,-0.0886402428150177,0.987811803817749,5.085385799407959,0,2,0.758878231048584,0.24269552528858185,0.02629709243774414,0,0.9998114705085754,-0.8266093134880066,-0.00575565081089735,1.4720613762619905e-05
9.819999694824219,0.34299391508102417,0.1280042976140976,-0.08860990405082703,0.9878072738647461,5.083641052246094,0,2,0.7596891522407532,0.23979324102401733,0.02633240818977356,0,0.9998119473457336,-0.8266466856002808,-0.005759888794273138,1.4413045391847845e-05
